melt.v.01	_hypernym	dissolve.v.02
dissolve.v.02	_hyponym	melt.v.01
value.n.02	_hypernym	worth.n.02
worth.n.02	_hyponym	value.n.02
respiratory_tract.n.01	_hyponym	upper_respiratory_tract.n.01
upper_respiratory_tract.n.01	_hypernym	respiratory_tract.n.01
inseminate.v.02	_hyponym	impregnate.v.03
impregnate.v.03	_hypernym	inseminate.v.02
pitch.n.01	_hyponym	tone.n.02
tone.n.02	_hypernym	pitch.n.01
time_off.n.01	_hyponym	leisure.n.01
leisure.n.01	_hypernym	time_off.n.01
limitation.n.05	_hyponym	hold-down.n.01
hold-down.n.01	_hypernym	limitation.n.05
penalty.n.02	_hyponym	forfeit.n.02
forfeit.n.02	_hypernym	penalty.n.02
lingerie.n.01	_hyponym	nightgown.n.01
nightgown.n.01	_hypernym	lingerie.n.01
bacterial_toxin.n.01	_hypernym	toxin.n.01
toxin.n.01	_hyponym	bacterial_toxin.n.01
extent.n.02	_hypernym	magnitude.n.01
magnitude.n.01	_hyponym	extent.n.02
mark.v.02	_hypernym	bespeak.v.01
bespeak.v.01	_hyponym	mark.v.02
stammer.n.01	_hypernym	speech_disorder.n.01
speech_disorder.n.01	_hyponym	stammer.n.01
impoliteness.n.01	_hypernym	discourtesy.n.02
discourtesy.n.02	_hyponym	impoliteness.n.01
weapon.n.01	_hyponym	bow.n.04
bow.n.04	_hypernym	weapon.n.01
composure.n.01	_hyponym	repose.n.03
repose.n.03	_hypernym	composure.n.01
blessing.n.01	_hyponym	admiration.n.03
admiration.n.03	_hypernym	blessing.n.01
handle.v.06	_hypernym	manipulate.v.05
manipulate.v.05	_hyponym	handle.v.06
worm.n.01	_hyponym	annelid.n.01
annelid.n.01	_hypernym	worm.n.01
feather_palm.n.01	_hyponym	oil_palm.n.01
oil_palm.n.01	_hypernym	feather_palm.n.01
design.v.04	_hyponym	engineer.v.01
engineer.v.01	_hypernym	design.v.04
forwarding.n.02	_hypernym	advancement.n.03
advancement.n.03	_hyponym	forwarding.n.02
saboteur.n.01	_hypernym	destroyer.n.02
destroyer.n.02	_hyponym	saboteur.n.01
call.v.03	_hyponym	call_in.v.05
call_in.v.05	_hypernym	call.v.03
comprehensibility.n.01	_hyponym	coherence.n.02
coherence.n.02	_hypernym	comprehensibility.n.01
onion_thrips.n.01	_hypernym	thrips.n.01
thrips.n.01	_hyponym	onion_thrips.n.01
sick_person.n.01	_hyponym	psychotic.n.01
psychotic.n.01	_hypernym	sick_person.n.01
pack.v.01	_hyponym	bundle.v.01
bundle.v.01	_hypernym	pack.v.01
loop.v.02	_hyponym	crochet.v.02
crochet.v.02	_hypernym	loop.v.02
tide.n.01	_hyponym	high_tide.n.01
high_tide.n.01	_hypernym	tide.n.01
peasant.n.03	_hypernym	unpleasant_person.n.01
unpleasant_person.n.01	_hyponym	peasant.n.03
age.n.01	_hyponym	oldness.n.02
oldness.n.02	_hypernym	age.n.01
mantis_shrimp.n.01	_hypernym	stomatopod.n.01
stomatopod.n.01	_hyponym	mantis_shrimp.n.01
dandy.n.01	_hyponym	coxcomb.n.01
coxcomb.n.01	_hypernym	dandy.n.01
nakedness.n.01	_hyponym	undress.n.01
undress.n.01	_hypernym	nakedness.n.01
school_bus.n.01	_hypernym	bus.n.01
bus.n.01	_hyponym	school_bus.n.01
drug_user.n.01	_hyponym	tripper.n.01
tripper.n.01	_hypernym	drug_user.n.01
disjunction.n.01	_hypernym	separation.n.01
separation.n.01	_hyponym	disjunction.n.01
appointment.n.01	_hypernym	decision.n.01
decision.n.01	_hyponym	appointment.n.01
area.n.06	_hyponym	space.n.07
space.n.07	_hypernym	area.n.06
boom.n.01	_hypernym	noise.n.01
noise.n.01	_hyponym	boom.n.01
steep.v.01	_hyponym	drink_in.v.01
drink_in.v.01	_hypernym	steep.v.01
leaf.n.01	_hyponym	pad.n.02
pad.n.02	_hypernym	leaf.n.01
cram.v.02	_hyponym	stuff.v.01
stuff.v.01	_hypernym	cram.v.02
temporal_artery.n.01	_hypernym	cerebral_artery.n.01
cerebral_artery.n.01	_hyponym	temporal_artery.n.01
work.v.12	_hyponym	overwork.v.02
overwork.v.02	_hypernym	work.v.12
methane_series.n.01	_hyponym	butane.n.01
butane.n.01	_hypernym	methane_series.n.01
abrasive.n.01	_hyponym	emery_paper.n.01
emery_paper.n.01	_hypernym	abrasive.n.01
ignition.n.01	_hypernym	fire.n.03
fire.n.03	_hyponym	ignition.n.01
merchandise.n.01	_hypernym	commodity.n.01
commodity.n.01	_hyponym	merchandise.n.01
continue.v.01	_hyponym	ride.v.03
ride.v.03	_hypernym	continue.v.01
confine.v.05	_hyponym	imprison.v.02
imprison.v.02	_hypernym	confine.v.05
lacrimal_gland.n.01	_hypernym	exocrine_gland.n.01
exocrine_gland.n.01	_hyponym	lacrimal_gland.n.01
charge.v.18	_hyponym	overwhelm.v.02
overwhelm.v.02	_hypernym	charge.v.18
regenerate.v.04	_hyponym	revive.v.04
revive.v.04	_hypernym	regenerate.v.04
golf_club.n.02	_hyponym	wood.n.08
wood.n.08	_hypernym	golf_club.n.02
japanese_persimmon.n.01	_hypernym	persimmon.n.01
persimmon.n.01	_hyponym	japanese_persimmon.n.01
batter.n.02	_hypernym	concoction.n.01
concoction.n.01	_hyponym	batter.n.02
intoxication.n.03	_hypernym	exhilaration.n.01
exhilaration.n.01	_hyponym	intoxication.n.03
decoy.v.01	_hypernym	entice.v.01
entice.v.01	_hyponym	decoy.v.01
alcoholic.n.01	_hypernym	drunkard.n.01
drunkard.n.01	_hyponym	alcoholic.n.01
informer.n.01	_hypernym	informant.n.01
informant.n.01	_hyponym	informer.n.01
hallucinogen.n.01	_hyponym	lysergic_acid_diethylamide.n.01
lysergic_acid_diethylamide.n.01	_hypernym	hallucinogen.n.01
zeitgeist.n.01	_hypernym	spirit.n.02
spirit.n.02	_hyponym	zeitgeist.n.01
ludo.n.01	_hypernym	board_game.n.01
board_game.n.01	_hyponym	ludo.n.01
fragrant_cliff_fern.n.01	_hypernym	wood_fern.n.01
wood_fern.n.01	_hyponym	fragrant_cliff_fern.n.01
lap.n.04	_hyponym	cuff.n.01
cuff.n.01	_hypernym	lap.n.04
stay.v.06	_hypernym	check.v.07
check.v.07	_hyponym	stay.v.06
range.v.04	_hypernym	constitute.v.01
constitute.v.01	_hyponym	range.v.04
schoolteacher.n.01	_hypernym	teacher.n.01
teacher.n.01	_hyponym	schoolteacher.n.01
pointed_arch.n.01	_hypernym	arch.n.04
arch.n.04	_hyponym	pointed_arch.n.01
presuppose.v.01	_hyponym	premise.v.03
premise.v.03	_hypernym	presuppose.v.01
liberty.n.03	_hypernym	freedom.n.01
freedom.n.01	_hyponym	liberty.n.03
swimming_meet.n.01	_hypernym	meet.n.01
meet.n.01	_hyponym	swimming_meet.n.01
inundate.v.02	_hypernym	flood.v.02
flood.v.02	_hyponym	inundate.v.02
folk_song.n.01	_hyponym	blues.n.01
blues.n.01	_hypernym	folk_song.n.01
organ_pipe.n.01	_hypernym	wind_instrument.n.01
wind_instrument.n.01	_hyponym	organ_pipe.n.01
grow.v.04	_hyponym	germinate.v.03
germinate.v.03	_hypernym	grow.v.04
instill.v.01	_hypernym	lend.v.01
lend.v.01	_hyponym	instill.v.01
sideline.n.02	_hypernym	line.n.22
line.n.22	_hyponym	sideline.n.02
wing.n.02	_hypernym	airfoil.n.01
airfoil.n.01	_hyponym	wing.n.02
unevenness.n.01	_hypernym	irregularity.n.02
irregularity.n.02	_hyponym	unevenness.n.01
spiny_lizard.n.02	_hyponym	fence_lizard.n.01
fence_lizard.n.01	_hypernym	spiny_lizard.n.02
body_covering.n.01	_hyponym	skin.n.01
skin.n.01	_hypernym	body_covering.n.01
accomplishment.n.01	_hyponym	base_on_balls.n.01
base_on_balls.n.01	_hypernym	accomplishment.n.01
geographer.n.01	_hyponym	cartographer.n.01
cartographer.n.01	_hypernym	geographer.n.01
evolution.n.02	_hyponym	speciation.n.01
speciation.n.01	_hypernym	evolution.n.02
sicken.v.02	_hyponym	contract.v.04
contract.v.04	_hypernym	sicken.v.02
glochidium.n.01	_hypernym	spine.n.03
spine.n.03	_hyponym	glochidium.n.01
pot.n.01	_hyponym	dixie.n.02
dixie.n.02	_hypernym	pot.n.01
sleep.v.02	_hypernym	accommodate.v.04
accommodate.v.04	_hyponym	sleep.v.02
dedication.n.01	_hypernym	fidelity.n.02
fidelity.n.02	_hyponym	dedication.n.01
kvass.n.01	_hypernym	brew.n.01
brew.n.01	_hyponym	kvass.n.01
want.v.04	_hypernym	demand.v.01
demand.v.01	_hyponym	want.v.04
disguise.v.01	_hyponym	camouflage.v.01
camouflage.v.01	_hypernym	disguise.v.01
attack.v.01	_hyponym	bombard.v.02
bombard.v.02	_hypernym	attack.v.01
cleric.n.01	_hyponym	ordainer.n.01
ordainer.n.01	_hypernym	cleric.n.01
settle.v.14	_hypernym	arrange.v.02
arrange.v.02	_hyponym	settle.v.14
etch.v.01	_hyponym	aquatint.v.01
aquatint.v.01	_hypernym	etch.v.01
encapsulate.v.02	_hypernym	digest.v.07
digest.v.07	_hyponym	encapsulate.v.02
tug.v.03	_hypernym	tow.v.01
tow.v.01	_hyponym	tug.v.03
dream.n.02	_hyponym	woolgathering.n.01
woolgathering.n.01	_hypernym	dream.n.02
verge.n.04	_hypernym	border.n.05
border.n.05	_hyponym	verge.n.04
muzhik.n.01	_hypernym	peasant.n.01
peasant.n.01	_hyponym	muzhik.n.01
human_body.n.01	_hyponym	person.n.02
person.n.02	_hypernym	human_body.n.01
theorization.n.01	_hypernym	conjecture.n.03
conjecture.n.03	_hyponym	theorization.n.01
juror.n.01	_hyponym	petit_juror.n.01
petit_juror.n.01	_hypernym	juror.n.01
papaw.n.02	_part_of	pawpaw.n.02
pawpaw.n.02	_has_part	papaw.n.02
picometer.n.01	_part_of	angstrom.n.01
angstrom.n.01	_has_part	picometer.n.01
turin.n.01	_part_of	piedmont.n.03
piedmont.n.03	_has_part	turin.n.01
wales.n.01	_has_part	swansea.n.01
swansea.n.01	_part_of	wales.n.01
hog_plum.n.03	_part_of	chickasaw_plum.n.01
chickasaw_plum.n.01	_has_part	hog_plum.n.03
micronesia.n.02	_has_part	micronesia.n.01
micronesia.n.01	_part_of	micronesia.n.02
kandy.n.01	_part_of	sri_lanka.n.01
sri_lanka.n.01	_has_part	kandy.n.01
peloponnese.n.01	_has_part	olympia.n.02
olympia.n.02	_part_of	peloponnese.n.01
head.n.31	_part_of	screw.n.04
screw.n.04	_has_part	head.n.31
bullock's_heart.n.01	_has_part	bullock's_heart.n.02
bullock's_heart.n.02	_part_of	bullock's_heart.n.01
buckwheat.n.02	_part_of	buckwheat.n.01
buckwheat.n.01	_has_part	buckwheat.n.02
butterfish.n.01	_part_of	rock_gunnel.n.01
rock_gunnel.n.01	_has_part	butterfish.n.01
matrix.n.04	_part_of	connective_tissue.n.01
connective_tissue.n.01	_has_part	matrix.n.04
radio-phonograph.n.01	_has_part	radio_receiver.n.01
radio_receiver.n.01	_part_of	radio-phonograph.n.01
london.n.01	_has_part	westminster.n.01
westminster.n.01	_part_of	london.n.01
antarctica.n.01	_has_part	victoria_land.n.01
victoria_land.n.01	_part_of	antarctica.n.01
lettuce.n.03	_part_of	garden_lettuce.n.01
garden_lettuce.n.01	_has_part	lettuce.n.03
morse.n.01	_has_part	dot.n.03
dot.n.03	_part_of	morse.n.01
bag.n.04	_has_part	clasp.n.01
clasp.n.01	_part_of	bag.n.04
acrobatic_stunt.n.01	_part_of	acrobatics.n.01
acrobatics.n.01	_has_part	acrobatic_stunt.n.01
pine_nut.n.01	_part_of	nut_pine.n.01
nut_pine.n.01	_has_part	pine_nut.n.01
hinge.n.01	_part_of	swing_door.n.01
swing_door.n.01	_has_part	hinge.n.01
parana.n.01	_has_part	urubupunga.n.01
urubupunga.n.01	_part_of	parana.n.01
subcontinent.n.01	_part_of	continent.n.01
continent.n.01	_has_part	subcontinent.n.01
freckle.n.01	_part_of	skin.n.01
skin.n.01	_has_part	freckle.n.01
beach.n.01	_part_of	shore.n.01
shore.n.01	_has_part	beach.n.01
american_lobster.n.02	_has_part	american_lobster.n.01
american_lobster.n.01	_part_of	american_lobster.n.02
england.n.01	_has_part	newcastle.n.01
newcastle.n.01	_part_of	england.n.01
olive.n.02	_has_part	olive.n.04
olive.n.04	_part_of	olive.n.02
head_lettuce.n.01	_has_part	butterhead_lettuce.n.01
butterhead_lettuce.n.01	_part_of	head_lettuce.n.01
genesis.n.02	_part_of	torah.n.02
torah.n.02	_has_part	genesis.n.02
torah.n.02	_has_part	genesis.n.02
genesis.n.02	_part_of	torah.n.02
macule.n.01	_part_of	skin.n.01
skin.n.01	_has_part	macule.n.01
mescal_button.n.01	_part_of	mescal.n.01
mescal.n.01	_has_part	mescal_button.n.01
cowpens.n.01	_part_of	american_revolution.n.01
american_revolution.n.01	_has_part	cowpens.n.01
wild_spinach.n.03	_part_of	lamb's-quarters.n.01
lamb's-quarters.n.01	_has_part	wild_spinach.n.03
mecca.n.01	_part_of	hejaz.n.01
hejaz.n.01	_has_part	mecca.n.01
apex.n.02	_part_of	celestial_sphere.n.01
celestial_sphere.n.01	_has_part	apex.n.02
tombigbee.n.01	_part_of	mississippi.n.02
mississippi.n.02	_has_part	tombigbee.n.01
weakfish.n.01	_part_of	spotted_weakfish.n.01
spotted_weakfish.n.01	_has_part	weakfish.n.01
cucurbita.n.01	_has_part	cushaw.n.01
cushaw.n.01	_part_of	cucurbita.n.01
udder.n.01	_part_of	cow.n.01
cow.n.01	_has_part	udder.n.01
arm_bone.n.01	_part_of	arm.n.01
arm.n.01	_has_part	arm_bone.n.01
lemon_balm.n.01	_has_part	lemon_balm.n.02
lemon_balm.n.02	_part_of	lemon_balm.n.01
parturiency.n.01	_has_part	effacement.n.01
effacement.n.01	_part_of	parturiency.n.01
micronesia.n.02	_part_of	oceania.n.01
oceania.n.01	_has_part	micronesia.n.02
dispatch.n.01	_has_part	dateline.n.02
dateline.n.02	_part_of	dispatch.n.01
micronesia.n.01	_has_part	mariana_islands.n.01
mariana_islands.n.01	_part_of	micronesia.n.01
mammary_gland.n.01	_has_part	nipple.n.01
nipple.n.01	_part_of	mammary_gland.n.01
detector.n.03	_part_of	radio_receiver.n.01
radio_receiver.n.01	_has_part	detector.n.03
cantaloup.n.02	_part_of	cantaloupe.n.01
cantaloupe.n.01	_has_part	cantaloup.n.02
sea_scallop.n.02	_has_part	sea_scallop.n.01
sea_scallop.n.01	_part_of	sea_scallop.n.02
foreword.n.01	_part_of	text.n.01
text.n.01	_has_part	foreword.n.01
term.n.05	_part_of	proposition.n.01
proposition.n.01	_has_part	term.n.05
sixties.n.02	_part_of	old_age.n.01
old_age.n.01	_has_part	sixties.n.02
tea.n.05	_part_of	tea.n.03
tea.n.03	_has_part	tea.n.05
piano.n.01	_has_part	piano_keyboard.n.01
piano_keyboard.n.01	_part_of	piano.n.01
liverpool.n.01	_part_of	england.n.01
england.n.01	_has_part	liverpool.n.01
paragraph.n.01	_part_of	text.n.01
text.n.01	_has_part	paragraph.n.01
campaigning.n.01	_has_part	whistle-stop_tour.n.01
whistle-stop_tour.n.01	_part_of	campaigning.n.01
somali_peninsula.n.01	_has_part	somalia.n.01
somalia.n.01	_part_of	somali_peninsula.n.01
loquat.n.02	_part_of	loquat.n.01
loquat.n.01	_has_part	loquat.n.02
leeward_islands.n.01	_has_part	antigua_and_barbuda.n.01
antigua_and_barbuda.n.01	_part_of	leeward_islands.n.01
seed.n.02	_has_part	pericarp.n.01
pericarp.n.01	_part_of	seed.n.02
skin.n.01	_has_part	wrinkle.n.01
wrinkle.n.01	_part_of	skin.n.01
penis.n.01	_part_of	male_genitalia.n.01
male_genitalia.n.01	_has_part	penis.n.01
display_window.n.01	_part_of	shopfront.n.01
shopfront.n.01	_has_part	display_window.n.01
vehicle.n.01	_has_part	splashboard.n.02
splashboard.n.02	_part_of	vehicle.n.01
lexical_entry.n.01	_has_part	citation_form.n.01
citation_form.n.01	_part_of	lexical_entry.n.01
japan.n.01	_has_part	kyushu.n.01
kyushu.n.01	_part_of	japan.n.01
judaism.n.01	_part_of	jewry.n.01
jewry.n.01	_has_part	judaism.n.01
mississippi.n.02	_has_part	tombigbee.n.01
tombigbee.n.01	_part_of	mississippi.n.02
piano.n.01	_has_part	sustaining_pedal.n.01
sustaining_pedal.n.01	_part_of	piano.n.01
andes.n.01	_has_part	llullaillaco.n.01
llullaillaco.n.01	_part_of	andes.n.01
qassam_brigades.n.01	_part_of	hamas.n.01
hamas.n.01	_has_part	qassam_brigades.n.01
fishing_rod.n.01	_has_part	reel.n.03
reel.n.03	_part_of	fishing_rod.n.01
millimeter.n.01	_has_part	micron.n.01
micron.n.01	_part_of	millimeter.n.01
north_dakota.n.01	_has_part	fargo.n.01
fargo.n.01	_part_of	north_dakota.n.01
financial_crimes_enforcement_network.n.01	_part_of	department_of_the_treasury.n.01
department_of_the_treasury.n.01	_has_part	financial_crimes_enforcement_network.n.01
fenugreek.n.01	_has_part	fenugreek.n.02
fenugreek.n.02	_part_of	fenugreek.n.01
seattle.n.01	_part_of	washington.n.02
washington.n.02	_has_part	seattle.n.01
caucasus.n.01	_part_of	caucasia.n.01
caucasia.n.01	_has_part	caucasus.n.01
snake.n.03	_part_of	washington.n.02
washington.n.02	_has_part	snake.n.03
nebraska.n.01	_has_part	republican.n.03
republican.n.03	_part_of	nebraska.n.01
color_tube.n.01	_part_of	color_television.n.01
color_television.n.01	_has_part	color_tube.n.01
exabyte.n.02	_part_of	zettabyte.n.02
zettabyte.n.02	_has_part	exabyte.n.02
prophets.n.01	_has_part	zechariah.n.02
zechariah.n.02	_part_of	prophets.n.01
history.n.01	_has_part	renaissance.n.01
renaissance.n.01	_part_of	history.n.01
female_reproductive_system.n.01	_has_part	ovary.n.02
ovary.n.02	_part_of	female_reproductive_system.n.01
osmosis.n.01	_part_of	dialysis.n.01
dialysis.n.01	_has_part	osmosis.n.01
text.n.01	_has_part	passage.n.02
passage.n.02	_part_of	text.n.01
sayan_mountains.n.01	_part_of	siberia.n.01
siberia.n.01	_has_part	sayan_mountains.n.01
barrel.n.02	_has_part	breech.n.01
breech.n.01	_part_of	barrel.n.02
key.n.15	_part_of	action.n.07
action.n.07	_has_part	key.n.15
female.n.02	_has_part	female_body.n.01
female_body.n.01	_part_of	female.n.02
electrode.n.01	_hyponym	emitter.n.01
emitter.n.01	_hypernym	electrode.n.01
leadership.n.02	_hyponym	high_command.n.01
high_command.n.01	_hypernym	leadership.n.02
phalanger.n.01	_hyponym	flying_phalanger.n.01
flying_phalanger.n.01	_hypernym	phalanger.n.01
dirge.n.01	_hyponym	keen.n.01
keen.n.01	_hypernym	dirge.n.01
child's_room.n.01	_hyponym	nursery.n.01
nursery.n.01	_hypernym	child's_room.n.01
clog.v.01	_hyponym	gum_up.v.01
gum_up.v.01	_hypernym	clog.v.01
interaction.n.02	_hyponym	strong_interaction.n.01
strong_interaction.n.01	_hypernym	interaction.n.02
mature.v.02	_hypernym	explicate.v.02
explicate.v.02	_hyponym	mature.v.02
field.n.01	_hyponym	grainfield.n.01
grainfield.n.01	_hypernym	field.n.01
gall.v.02	_hypernym	anger.v.01
anger.v.01	_hyponym	gall.v.02
trimming.n.02	_hypernym	adornment.n.01
adornment.n.01	_hyponym	trimming.n.02
barnyard_grass.n.01	_hypernym	millet.n.01
millet.n.01	_hyponym	barnyard_grass.n.01
degradation.n.01	_hyponym	popularization.n.02
popularization.n.02	_hypernym	degradation.n.01
procuress.n.01	_hypernym	pimp.n.01
pimp.n.01	_hyponym	procuress.n.01
sign.n.02	_hyponym	poster.n.01
poster.n.01	_hypernym	sign.n.02
smart.n.01	_hypernym	pain.n.01
pain.n.01	_hyponym	smart.n.01
aquatic_fern.n.01	_hyponym	mosquito_fern.n.01
mosquito_fern.n.01	_hypernym	aquatic_fern.n.01
dipterocarp.n.01	_hyponym	red_lauan.n.02
red_lauan.n.02	_hypernym	dipterocarp.n.01
soliloquy.n.01	_hypernym	speech.n.02
speech.n.02	_hyponym	soliloquy.n.01
supertitle.n.01	_hypernym	translation.n.01
translation.n.01	_hyponym	supertitle.n.01
demolish.v.01	_hypernym	destroy.v.01
destroy.v.01	_hyponym	demolish.v.01
origin.n.03	_hyponym	cause.n.01
cause.n.01	_hypernym	origin.n.03
holothuria.n.01	_hypernym	echinoderm_genus.n.01
echinoderm_genus.n.01	_hyponym	holothuria.n.01
iowa_crab.n.01	_hyponym	bechtel_crab.n.01
bechtel_crab.n.01	_hypernym	iowa_crab.n.01
rise.n.02	_hyponym	soar.n.01
soar.n.01	_hypernym	rise.n.02
vault.n.01	_hypernym	burial_chamber.n.01
burial_chamber.n.01	_hyponym	vault.n.01
referee.v.02	_hypernym	review.v.02
review.v.02	_hyponym	referee.v.02
cinnamon.n.02	_hypernym	laurel.n.01
laurel.n.01	_hyponym	cinnamon.n.02
awfulness.n.01	_hyponym	frightfulness.n.01
frightfulness.n.01	_hypernym	awfulness.n.01
issue.n.11	_hypernym	printing.n.02
printing.n.02	_hyponym	issue.n.11
assortment.n.01	_hyponym	sampler.n.03
sampler.n.03	_hypernym	assortment.n.01
preservation.n.03	_hyponym	refrigeration.n.01
refrigeration.n.01	_hypernym	preservation.n.03
dance.n.04	_hypernym	party.n.04
party.n.04	_hyponym	dance.n.04
put_on.v.07	_hyponym	daub.v.02
daub.v.02	_hypernym	put_on.v.07
aster.n.01	_hyponym	wood_aster.n.01
wood_aster.n.01	_hypernym	aster.n.01
accept.v.02	_hyponym	accept.v.05
accept.v.05	_hypernym	accept.v.02
abutter.n.01	_hypernym	landowner.n.01
landowner.n.01	_hyponym	abutter.n.01
betroth.v.01	_hypernym	vow.v.01
vow.v.01	_hyponym	betroth.v.01
mako.n.01	_hypernym	mackerel_shark.n.01
mackerel_shark.n.01	_hyponym	mako.n.01
jujutsu.n.01	_hypernym	martial_art.n.01
martial_art.n.01	_hyponym	jujutsu.n.01
function.v.01	_hyponym	service.v.01
service.v.01	_hypernym	function.v.01
swot.n.01	_hypernym	learner.n.01
learner.n.01	_hyponym	swot.n.01
air_plant.n.01	_hyponym	waxflower.n.02
waxflower.n.02	_hypernym	air_plant.n.01
shout.v.02	_hyponym	hollo.v.02
hollo.v.02	_hypernym	shout.v.02
wave.n.05	_hyponym	flourish.n.04
flourish.n.04	_hypernym	wave.n.05
attraction.n.02	_hypernym	show.n.03
show.n.03	_hyponym	attraction.n.02
breed.v.04	_hypernym	reproduce.v.02
reproduce.v.02	_hyponym	breed.v.04
loft.n.02	_hyponym	hayloft.n.01
hayloft.n.01	_hypernym	loft.n.02
discharge.n.03	_hyponym	exudate.n.01
exudate.n.01	_hypernym	discharge.n.03
provide.v.03	_hypernym	stipulate.v.01
stipulate.v.01	_hyponym	provide.v.03
whist_drive.n.01	_hypernym	party.n.04
party.n.04	_hyponym	whist_drive.n.01
rose.n.01	_hyponym	multiflora.n.01
multiflora.n.01	_hypernym	rose.n.01
spirit.n.04	_hypernym	spiritual_being.n.01
spiritual_being.n.01	_hyponym	spirit.n.04
knob.n.02	_hyponym	doorknob.n.01
doorknob.n.01	_hypernym	knob.n.02
ticket.n.01	_hypernym	commercial_document.n.01
commercial_document.n.01	_hyponym	ticket.n.01
dasyurid_marsupial.n.01	_hypernym	marsupial.n.01
marsupial.n.01	_hyponym	dasyurid_marsupial.n.01
gestate.v.01	_hyponym	discover.v.03
discover.v.03	_hypernym	gestate.v.01
tabasco.n.03	_hypernym	hot_pepper.n.02
hot_pepper.n.02	_hyponym	tabasco.n.03
speculation.n.03	_hyponym	gamble.n.01
gamble.n.01	_hypernym	speculation.n.03
avail.v.02	_hypernym	help.v.01
help.v.01	_hyponym	avail.v.02
oust.v.01	_hyponym	excommunicate.v.02
excommunicate.v.02	_hypernym	oust.v.01
plant_disease.n.01	_hyponym	blight.n.02
blight.n.02	_hypernym	plant_disease.n.01
show-stopper.n.01	_hypernym	act.n.04
act.n.04	_hyponym	show-stopper.n.01
grab.v.05	_hypernym	seize.v.01
seize.v.01	_hyponym	grab.v.05
oboe.n.01	_hypernym	double-reed_instrument.n.01
double-reed_instrument.n.01	_hyponym	oboe.n.01
hush.v.02	_hyponym	gag.v.01
gag.v.01	_hypernym	hush.v.02
negotiator.n.01	_hyponym	bargainer.n.02
bargainer.n.02	_hypernym	negotiator.n.01
capture.n.01	_hyponym	apprehension.n.04
apprehension.n.04	_hypernym	capture.n.01
positivist.n.01	_hypernym	nonreligious_person.n.01
nonreligious_person.n.01	_hyponym	positivist.n.01
agent.n.02	_hyponym	government_agent.n.01
government_agent.n.01	_hypernym	agent.n.02
starvation.n.01	_hypernym	hunger.n.01
hunger.n.01	_hyponym	starvation.n.01
corrective.n.01	_hyponym	prosthesis.n.01
prosthesis.n.01	_hypernym	corrective.n.01
recover.v.03	_hyponym	rally.v.04
rally.v.04	_hypernym	recover.v.03
commissioner.n.01	_hypernym	administrator.n.03
administrator.n.03	_hyponym	commissioner.n.01
greenness.n.02	_hypernym	immaturity.n.01
immaturity.n.01	_hyponym	greenness.n.02
arytenoid.n.01	_hypernym	cartilage.n.01
cartilage.n.01	_hyponym	arytenoid.n.01
interest.n.01	_hyponym	concern.n.01
concern.n.01	_hypernym	interest.n.01
unfamiliarity.n.01	_hyponym	oddity.n.02
oddity.n.02	_hypernym	unfamiliarity.n.01
rhyme.v.01	_hyponym	alliterate.v.01
alliterate.v.01	_hypernym	rhyme.v.01
translate.v.01	_hyponym	gloss.v.03
gloss.v.03	_hypernym	translate.v.01
assail.v.01	_hyponym	rush.v.02
rush.v.02	_hypernym	assail.v.01
share.n.01	_hyponym	split.n.03
split.n.03	_hypernym	share.n.01
conveyer.n.01	_hypernym	messenger.n.01
messenger.n.01	_hyponym	conveyer.n.01
nifedipine.n.01	_hypernym	calcium_blocker.n.01
calcium_blocker.n.01	_hyponym	nifedipine.n.01
commodity.n.01	_hyponym	future.n.03
future.n.03	_hypernym	commodity.n.01
system_of_measurement.n.01	_hyponym	information_measure.n.01
information_measure.n.01	_hypernym	system_of_measurement.n.01
shagbark.n.01	_hypernym	hickory.n.02
hickory.n.02	_hyponym	shagbark.n.01
shot.n.02	_hypernym	projectile.n.01
projectile.n.01	_hyponym	shot.n.02
pleat.n.01	_hyponym	tuck.n.03
tuck.n.03	_hypernym	pleat.n.01
officiate.v.02	_hypernym	serve.v.02
serve.v.02	_hyponym	officiate.v.02
originate.v.02	_hyponym	go_back.v.01
go_back.v.01	_hypernym	originate.v.02
success.n.02	_hyponym	passing.n.07
passing.n.07	_hypernym	success.n.02
adjudicator.n.01	_hyponym	judge.n.01
judge.n.01	_hypernym	adjudicator.n.01
freshener.n.01	_hypernym	thing.n.08
thing.n.08	_hyponym	freshener.n.01
call.n.12	_hypernym	decision.n.01
decision.n.01	_hyponym	call.n.12
pink-and-white_everlasting.n.01	_hypernym	everlasting.n.01
everlasting.n.01	_hyponym	pink-and-white_everlasting.n.01
fold.n.01	_hyponym	pleat.n.01
pleat.n.01	_hypernym	fold.n.01
ale.n.01	_hyponym	bitter.n.01
bitter.n.01	_hypernym	ale.n.01
magistrate.n.01	_hyponym	stipendiary.n.01
stipendiary.n.01	_hypernym	magistrate.n.01
evaluation.n.02	_hyponym	pricing.n.01
pricing.n.01	_hypernym	evaluation.n.02
unfamiliarity.n.01	_hypernym	unusualness.n.01
unusualness.n.01	_hyponym	unfamiliarity.n.01
oblique.n.01	_hyponym	genitive.n.01
genitive.n.01	_hypernym	oblique.n.01
stamp.v.04	_hypernym	affix.v.01
affix.v.01	_hyponym	stamp.v.04
lowlander.n.01	_hypernym	scot.n.01
scot.n.01	_hyponym	lowlander.n.01
bur.n.01	_hypernym	pericarp.n.01
pericarp.n.01	_hyponym	bur.n.01
morse.n.01	_hypernym	code.n.02
code.n.02	_hyponym	morse.n.01
assiduity.n.01	_hyponym	intentness.n.01
intentness.n.01	_hypernym	assiduity.n.01
descent.n.01	_hyponym	slide.n.02
slide.n.02	_hypernym	descent.n.01
centaury.n.02	_hyponym	knapweed.n.01
knapweed.n.01	_hypernym	centaury.n.02
hexane.n.01	_hypernym	methane_series.n.01
methane_series.n.01	_hyponym	hexane.n.01
talk.v.01	_hyponym	cheek.v.01
cheek.v.01	_hypernym	talk.v.01
breeches.n.01	_hyponym	buckskins.n.01
buckskins.n.01	_hypernym	breeches.n.01
kenaf.n.01	_hypernym	hemp.n.01
hemp.n.01	_hyponym	kenaf.n.01
barren.n.01	_hypernym	wilderness.n.03
wilderness.n.03	_hyponym	barren.n.01
grind.v.05	_hyponym	mill.v.02
mill.v.02	_hypernym	grind.v.05
outgo.n.01	_hyponym	expense.n.03
expense.n.03	_hypernym	outgo.n.01
ultraviolet.n.01	_hyponym	sunray.n.03
sunray.n.03	_hypernym	ultraviolet.n.01
melodiousness.n.01	_hypernym	musicality.n.01
musicality.n.01	_hyponym	melodiousness.n.01
frankincense.n.01	_hypernym	gum.n.03
gum.n.03	_hyponym	frankincense.n.01
sample_distribution.n.01	_hyponym	stratified_sample.n.01
stratified_sample.n.01	_hypernym	sample_distribution.n.01
vigil.n.02	_hypernym	rite.n.01
rite.n.01	_hyponym	vigil.n.02
editing.n.01	_hyponym	deletion.n.03
deletion.n.03	_hypernym	editing.n.01
narrowing.n.01	_hyponym	constriction.n.01
constriction.n.01	_hypernym	narrowing.n.01
amorousness.n.02	_hypernym	sexual_desire.n.01
sexual_desire.n.01	_hyponym	amorousness.n.02
suit.n.01	_hyponym	business_suit.n.01
business_suit.n.01	_hypernym	suit.n.01
foreswear.v.02	_hypernym	abandon.v.02
abandon.v.02	_hyponym	foreswear.v.02
acropora.n.01	_hypernym	coelenterate_genus.n.01
coelenterate_genus.n.01	_hyponym	acropora.n.01
sick_person.n.01	_hyponym	neurotic.n.01
neurotic.n.01	_hypernym	sick_person.n.01
heave.v.04	_hypernym	lift.v.02
lift.v.02	_hyponym	heave.v.04
acquiring.n.01	_hyponym	occupation.n.04
occupation.n.04	_hypernym	acquiring.n.01
stage.n.06	_hyponym	fare-stage.n.01
fare-stage.n.01	_hypernym	stage.n.06
degree.n.05	_hypernym	exponent.n.03
exponent.n.03	_hyponym	degree.n.05
relevance.n.01	_hypernym	connection.n.01
connection.n.01	_hyponym	relevance.n.01
fashion.v.01	_hypernym	make.v.15
make.v.15	_hyponym	fashion.v.01
temper.n.02	_hyponym	good_humor.n.01
good_humor.n.01	_hypernym	temper.n.02
gypsy.n.02	_hypernym	indian.n.02
indian.n.02	_hyponym	gypsy.n.02
sauk.n.01	_hypernym	algonquian.n.01
algonquian.n.01	_hyponym	sauk.n.01
grugru.n.01	_hypernym	feather_palm.n.01
feather_palm.n.01	_hyponym	grugru.n.01
evaluation.n.02	_hyponym	undervaluation.n.01
undervaluation.n.01	_hypernym	evaluation.n.02
monopoly.n.01	_hypernym	market.n.01
market.n.01	_hyponym	monopoly.n.01
clerk.n.01	_hyponym	settler.n.03
settler.n.03	_hypernym	clerk.n.01
spotted_weakfish.n.01	_hypernym	sea_trout.n.02
sea_trout.n.02	_hyponym	spotted_weakfish.n.01
interest.n.03	_hyponym	color.n.02
color.n.02	_hypernym	interest.n.03
literary_composition.n.01	_hyponym	lucubration.n.01
lucubration.n.01	_hypernym	literary_composition.n.01
center.n.11	_hypernym	place.n.02
place.n.02	_hyponym	center.n.11
affliction.n.03	_hyponym	bane.n.01
bane.n.01	_hypernym	affliction.n.03
spin.n.01	_hypernym	rotation.n.03
rotation.n.03	_hyponym	spin.n.01
placement.n.03	_hyponym	stratification.n.05
stratification.n.05	_hypernym	placement.n.03
feed.n.01	_hyponym	mash.n.02
mash.n.02	_hypernym	feed.n.01
agent.n.02	_hyponym	booker.n.01
booker.n.01	_hypernym	agent.n.02
disagree.v.01	_hyponym	contradict.v.02
contradict.v.02	_hypernym	disagree.v.01
consciousness.n.01	_hyponym	awareness.n.02
awareness.n.02	_hypernym	consciousness.n.01
seethe.v.03	_hypernym	foam.v.01
foam.v.01	_hyponym	seethe.v.03
feign.v.01	_hyponym	talk_through_one's_hat.v.01
talk_through_one's_hat.v.01	_hypernym	feign.v.01
reproduce.v.01	_hyponym	duplicate.v.03
duplicate.v.03	_hypernym	reproduce.v.01
north_american.n.01	_hyponym	canadian.n.01
canadian.n.01	_hypernym	north_american.n.01
judge.n.01	_hyponym	recorder.n.03
recorder.n.03	_hypernym	judge.n.01
horn.n.07	_hypernym	animal_material.n.01
animal_material.n.01	_hyponym	horn.n.07
insectivore.n.01	_hyponym	mole.n.06
mole.n.06	_hypernym	insectivore.n.01
leaf.n.01	_hyponym	dandelion_green.n.01
dandelion_green.n.01	_hypernym	leaf.n.01
pestle.v.01	_hypernym	grind.v.05
grind.v.05	_hyponym	pestle.v.01
text.n.01	_hyponym	installment.n.03
installment.n.03	_hypernym	text.n.01
disorder.n.03	_hyponym	disturbance.n.03
disturbance.n.03	_hypernym	disorder.n.03
rush.v.03	_hypernym	urge.v.01
urge.v.01	_hyponym	rush.v.03
integer.n.01	_hypernym	number.n.02
number.n.02	_hyponym	integer.n.01
animal_disease.n.01	_hyponym	zoonosis.n.01
zoonosis.n.01	_hypernym	animal_disease.n.01
touch_on.v.01	_hypernym	mention.v.01
mention.v.01	_hyponym	touch_on.v.01
serve.v.11	_hypernym	deliver.v.02
deliver.v.02	_hyponym	serve.v.11
misread.v.02	_hypernym	take.v.06
take.v.06	_hyponym	misread.v.02
ferocity.n.01	_hyponym	savageness.n.01
savageness.n.01	_hypernym	ferocity.n.01
black_out.v.02	_hypernym	darken.v.01
darken.v.01	_hyponym	black_out.v.02
death_knell.n.01	_hypernym	omen.n.01
omen.n.01	_hyponym	death_knell.n.01
nihil.n.01	_hypernym	nothing.n.01
nothing.n.01	_hyponym	nihil.n.01
nursery.n.01	_hypernym	child's_room.n.01
child's_room.n.01	_hyponym	nursery.n.01
sample.n.01	_hypernym	example.n.01
example.n.01	_hyponym	sample.n.01
sassafras.n.01	_hypernym	laurel.n.01
laurel.n.01	_hyponym	sassafras.n.01
conformity.n.02	_hyponym	formality.n.03
formality.n.03	_hypernym	conformity.n.02
cross_examine.v.01	_hypernym	examine.v.04
examine.v.04	_hyponym	cross_examine.v.01
recognition.n.02	_hypernym	memory.n.02
memory.n.02	_hyponym	recognition.n.02
pension_plan.n.01	_hyponym	401-k_plan.n.01
401-k_plan.n.01	_hypernym	pension_plan.n.01
separate.v.07	_hyponym	partition.v.02
partition.v.02	_hypernym	separate.v.07
vacuum.n.04	_hypernym	home_appliance.n.01
home_appliance.n.01	_hyponym	vacuum.n.04
service.v.01	_hypernym	function.v.01
function.v.01	_hyponym	service.v.01
dock.n.02	_hyponym	sour_dock.n.01
sour_dock.n.01	_hypernym	dock.n.02
wetting_agent.n.01	_hyponym	emulsifier.n.01
emulsifier.n.01	_hypernym	wetting_agent.n.01
disk.n.02	_hyponym	acetate_disk.n.01
acetate_disk.n.01	_hypernym	disk.n.02
antidepressant.n.01	_hyponym	monoamine_oxidase_inhibitor.n.01
monoamine_oxidase_inhibitor.n.01	_hypernym	antidepressant.n.01
grey_whale.n.01	_hypernym	baleen_whale.n.01
baleen_whale.n.01	_hyponym	grey_whale.n.01
wish.v.06	_hyponym	congratulate.v.02
congratulate.v.02	_hypernym	wish.v.06
edit.v.01	_hyponym	interpolate.v.02
interpolate.v.02	_hypernym	edit.v.01
cable.n.02	_hyponym	fiber_optic_cable.n.01
fiber_optic_cable.n.01	_hypernym	cable.n.02
computerization.n.01	_hypernym	automation.n.01
automation.n.01	_hyponym	computerization.n.01
old_master.n.01	_hypernym	maestro.n.01
maestro.n.01	_hyponym	old_master.n.01
house.v.02	_hyponym	home.v.01
home.v.01	_hypernym	house.v.02
field_strength.n.01	_hypernym	intensity.n.01
intensity.n.01	_hyponym	field_strength.n.01
approach.n.02	_hyponym	run-up.n.02
run-up.n.02	_hypernym	approach.n.02
nightshade.n.01	_hyponym	black_nightshade.n.01
black_nightshade.n.01	_hypernym	nightshade.n.01
sodium_hypochlorite.n.01	_hypernym	bleaching_agent.n.01
bleaching_agent.n.01	_hyponym	sodium_hypochlorite.n.01
rein.n.01	_hypernym	strap.n.01
strap.n.01	_hyponym	rein.n.01
wash_leather.n.01	_hypernym	chamois.n.01
chamois.n.01	_hyponym	wash_leather.n.01
undependability.n.01	_hyponym	irreproducibility.n.01
irreproducibility.n.01	_hypernym	undependability.n.01
archangel.n.01	_hypernym	angel.n.01
angel.n.01	_hyponym	archangel.n.01
interest_rate.n.01	_hyponym	discount_rate.n.01
discount_rate.n.01	_hypernym	interest_rate.n.01
pass.v.22	_hyponym	cycle.v.01
cycle.v.01	_hypernym	pass.v.22
mescal_button.n.01	_hypernym	plant_organ.n.01
plant_organ.n.01	_hyponym	mescal_button.n.01
bless.v.01	_hyponym	anoint.v.02
anoint.v.02	_hypernym	bless.v.01
gloss.v.02	_hypernym	rede.v.01
rede.v.01	_hyponym	gloss.v.02
assist.v.02	_hypernym	work.v.01
work.v.01	_hyponym	assist.v.02
disparagement.n.02	_hyponym	deprecation.n.02
deprecation.n.02	_hypernym	disparagement.n.02
poor_person.n.01	_hyponym	pauper.n.01
pauper.n.01	_hypernym	poor_person.n.01
humiliation.n.01	_hypernym	shame.n.02
shame.n.02	_hyponym	humiliation.n.01
strait.n.01	_hyponym	narrow.n.01
narrow.n.01	_hypernym	strait.n.01
cartilage.n.01	_hyponym	arytenoid.n.01
arytenoid.n.01	_hypernym	cartilage.n.01
conventionality.n.03	_hypernym	orthodoxy.n.01
orthodoxy.n.01	_hyponym	conventionality.n.03
idle.v.02	_hyponym	moon.v.02
moon.v.02	_hypernym	idle.v.02
chachalaca.n.01	_hypernym	gallinaceous_bird.n.01
gallinaceous_bird.n.01	_hyponym	chachalaca.n.01
free.v.07	_hyponym	extricate.v.01
extricate.v.01	_hypernym	free.v.07
skate.v.01	_hyponym	skateboard.v.01
skateboard.v.01	_hypernym	skate.v.01
monkey_business.n.01	_hypernym	mischief.n.01
mischief.n.01	_hyponym	monkey_business.n.01
skeg.n.01	_hypernym	brace.n.01
brace.n.01	_hyponym	skeg.n.01
reversal.n.04	_hyponym	reconsideration.n.02
reconsideration.n.02	_hypernym	reversal.n.04
old_english.n.01	_hypernym	english.n.01
english.n.01	_hyponym	old_english.n.01
phencyclidine.n.01	_hypernym	hallucinogen.n.01
hallucinogen.n.01	_hyponym	phencyclidine.n.01
solid_solution.n.01	_hypernym	solution.n.01
solution.n.01	_hyponym	solid_solution.n.01
health.n.01	_hypernym	wellbeing.n.01
wellbeing.n.01	_hyponym	health.n.01
asexual_reproduction.n.01	_hyponym	pullulation.n.01
pullulation.n.01	_hypernym	asexual_reproduction.n.01
macadam.n.01	_hypernym	paving.n.01
paving.n.01	_hyponym	macadam.n.01
naval_weaponry.n.01	_hyponym	fire_control_system.n.01
fire_control_system.n.01	_hypernym	naval_weaponry.n.01
quantify.v.02	_hyponym	fathom.v.02
fathom.v.02	_hypernym	quantify.v.02
incineration.n.01	_hypernym	burning.n.01
burning.n.01	_hyponym	incineration.n.01
constriction.n.01	_hypernym	narrowing.n.01
narrowing.n.01	_hyponym	constriction.n.01
hydrogen_peroxide.n.01	_hypernym	oxidant.n.01
oxidant.n.01	_hyponym	hydrogen_peroxide.n.01
memory.n.02	_hyponym	long-term_memory.n.01
long-term_memory.n.01	_hypernym	memory.n.02
coloratura.n.01	_hypernym	soprano.n.01
soprano.n.01	_hyponym	coloratura.n.01
frau.n.01	_hypernym	title.n.06
title.n.06	_hyponym	frau.n.01
horizontal_surface.n.01	_hyponym	platform.n.01
platform.n.01	_hypernym	horizontal_surface.n.01
flog.v.01	_hyponym	leather.v.01
leather.v.01	_hypernym	flog.v.01
fundamental_quantity.n.01	_hyponym	mass.n.01
mass.n.01	_hypernym	fundamental_quantity.n.01
testify.v.01	_hyponym	vouch.v.01
vouch.v.01	_hypernym	testify.v.01
blaze.v.01	_hypernym	shine.v.02
shine.v.02	_hyponym	blaze.v.01
tishah_b'av.n.01	_hypernym	major_fast_day.n.01
major_fast_day.n.01	_hyponym	tishah_b'av.n.01
ceremony.n.01	_hyponym	funeral.n.01
funeral.n.01	_hypernym	ceremony.n.01
law.n.03	_hyponym	principle.n.03
principle.n.03	_hypernym	law.n.03
consign.v.02	_hyponym	pawn.v.01
pawn.v.01	_hypernym	consign.v.02
lab.n.01	_hyponym	chemistry_lab.n.01
chemistry_lab.n.01	_hypernym	lab.n.01
leaf.n.01	_hypernym	plant_organ.n.01
plant_organ.n.01	_hyponym	leaf.n.01
liabilities.n.01	_hyponym	debt.n.02
debt.n.02	_hypernym	liabilities.n.01
release.n.01	_hypernym	merchandise.n.01
merchandise.n.01	_hyponym	release.n.01
mirid_bug.n.01	_hypernym	leaf_bug.n.01
leaf_bug.n.01	_hyponym	mirid_bug.n.01
end.n.02	_hyponym	terminus_ad_quem.n.01
terminus_ad_quem.n.01	_hypernym	end.n.02
minister.v.02	_hypernym	work.v.01
work.v.01	_hyponym	minister.v.02
listen.v.02	_hypernym	concentrate.v.02
concentrate.v.02	_hyponym	listen.v.02
megatherian.n.01	_hyponym	ground_sloth.n.01
ground_sloth.n.01	_hypernym	megatherian.n.01
insert.n.02	_hyponym	dickey.n.02
dickey.n.02	_hypernym	insert.n.02
premature_labor.n.01	_hypernym	parturiency.n.01
parturiency.n.01	_hyponym	premature_labor.n.01
harmonize.v.04	_hyponym	accommodate.v.07
accommodate.v.07	_hypernym	harmonize.v.04
leach.v.02	_hypernym	trickle.v.01
trickle.v.01	_hyponym	leach.v.02
sop.v.03	_hypernym	dunk.v.01
dunk.v.01	_hyponym	sop.v.03
tire.v.02	_hyponym	overtire.v.01
overtire.v.01	_hypernym	tire.v.02
magnetic_tape.n.01	_hyponym	magnetic_stripe.n.01
magnetic_stripe.n.01	_hypernym	magnetic_tape.n.01
jersey.n.05	_hypernym	dairy_cattle.n.01
dairy_cattle.n.01	_hyponym	jersey.n.05
manner_of_speaking.n.01	_hyponym	modulation.n.04
modulation.n.04	_hypernym	manner_of_speaking.n.01
power_saw.n.01	_hyponym	circular_saw.n.01
circular_saw.n.01	_hypernym	power_saw.n.01
curse.n.01	_hypernym	profanity.n.01
profanity.n.01	_hyponym	curse.n.01
victim.n.02	_hyponym	chump.n.01
chump.n.01	_hypernym	victim.n.02
inclination.n.05	_hyponym	leaning.n.01
leaning.n.01	_hypernym	inclination.n.05
fatherland.n.01	_hyponym	old_country.n.01
old_country.n.01	_hypernym	fatherland.n.01
insert.v.01	_hyponym	implant.v.01
implant.v.01	_hypernym	insert.v.01
tone.n.02	_hypernym	pitch.n.01
pitch.n.01	_hyponym	tone.n.02
disinfect.v.01	_hypernym	clean.v.01
clean.v.01	_hyponym	disinfect.v.01
resurrect.v.03	_hypernym	return.v.01
return.v.01	_hyponym	resurrect.v.03
tropism.n.01	_hypernym	reaction.n.03
reaction.n.03	_hyponym	tropism.n.01
marsupial.n.01	_hyponym	phalanger.n.01
phalanger.n.01	_hypernym	marsupial.n.01
pain.n.01	_hyponym	pang.n.03
pang.n.03	_hypernym	pain.n.01
shtik.n.03	_hypernym	buffoonery.n.01
buffoonery.n.01	_hyponym	shtik.n.03
implantation.n.02	_hypernym	placement.n.03
placement.n.03	_hyponym	implantation.n.02
arrogance.n.01	_hyponym	imperiousness.n.01
imperiousness.n.01	_hypernym	arrogance.n.01
leech.n.01	_hyponym	medicinal_leech.n.01
medicinal_leech.n.01	_hypernym	leech.n.01
cut_down.v.04	_hypernym	check.v.18
check.v.18	_hyponym	cut_down.v.04
pathological_state.n.01	_hyponym	ill_health.n.01
ill_health.n.01	_hypernym	pathological_state.n.01
classify.v.01	_hyponym	group.v.01
group.v.01	_hypernym	classify.v.01
cornstalk.n.01	_hypernym	stalk.n.02
stalk.n.02	_hyponym	cornstalk.n.01
myrtaceae.n.01	_hypernym	dicot_family.n.01
dicot_family.n.01	_hyponym	myrtaceae.n.01
part.n.03	_hyponym	body_part.n.01
body_part.n.01	_hypernym	part.n.03
eat.v.01	_hypernym	consume.v.02
consume.v.02	_hyponym	eat.v.01
statement.n.01	_hyponym	restatement.n.01
restatement.n.01	_hypernym	statement.n.01
vine.n.01	_hyponym	uruguay_potato.n.01
uruguay_potato.n.01	_hypernym	vine.n.01
natural_elevation.n.01	_hyponym	promontory.n.01
promontory.n.01	_hypernym	natural_elevation.n.01
screw_tree.n.01	_hypernym	shrub.n.01
shrub.n.01	_hyponym	screw_tree.n.01
forearm.n.01	_hypernym	limb.n.01
limb.n.01	_hyponym	forearm.n.01
bottom.n.02	_hypernym	region.n.01
region.n.01	_hyponym	bottom.n.02
attack.n.01	_hyponym	fire.n.02
fire.n.02	_hypernym	attack.n.01
tabbouleh.n.01	_hypernym	salad.n.01
salad.n.01	_hyponym	tabbouleh.n.01
official.n.01	_hyponym	returning_officer.n.01
returning_officer.n.01	_hypernym	official.n.01
tree.n.01	_hyponym	prickly_ash.n.01
prickly_ash.n.01	_hypernym	tree.n.01
writing.n.05	_hyponym	handwriting.n.02
handwriting.n.02	_hypernym	writing.n.05
fungus_genus.n.01	_hyponym	synchytrium.n.01
synchytrium.n.01	_hypernym	fungus_genus.n.01
fence.n.01	_hypernym	barrier.n.01
barrier.n.01	_hyponym	fence.n.01
welwitschiaceae.n.01	_hypernym	gymnosperm_family.n.01
gymnosperm_family.n.01	_hyponym	welwitschiaceae.n.01
cowpea.n.01	_hypernym	legume.n.02
legume.n.02	_hyponym	cowpea.n.01
disturbance.n.05	_hypernym	motion.n.03
motion.n.03	_hyponym	disturbance.n.05
codeine.n.01	_hypernym	analgesic.n.01
analgesic.n.01	_hyponym	codeine.n.01
pallette.n.01	_hypernym	armor_plate.n.01
armor_plate.n.01	_hyponym	pallette.n.01
sled.v.01	_hypernym	ride.v.02
ride.v.02	_hyponym	sled.v.01
incision.n.02	_hypernym	cut.n.16
cut.n.16	_hyponym	incision.n.02
dicot_family.n.01	_hyponym	cucurbitaceae.n.01
cucurbitaceae.n.01	_hypernym	dicot_family.n.01
commerce.n.01	_hyponym	selling.n.01
selling.n.01	_hypernym	commerce.n.01
plum.n.01	_hypernym	fruit_tree.n.01
fruit_tree.n.01	_hyponym	plum.n.01
procedure.n.01	_hyponym	medical_procedure.n.01
medical_procedure.n.01	_hypernym	procedure.n.01
monocot_genus.n.01	_hyponym	secale.n.01
secale.n.01	_hypernym	monocot_genus.n.01
undertaking.n.01	_hypernym	work.n.01
work.n.01	_hyponym	undertaking.n.01
animal_order.n.01	_hyponym	myxiniformes.n.01
myxiniformes.n.01	_hypernym	animal_order.n.01
unit_of_measurement.n.01	_hyponym	point.n.10
point.n.10	_hypernym	unit_of_measurement.n.01
rosid_dicot_family.n.01	_hyponym	simaroubaceae.n.01
simaroubaceae.n.01	_hypernym	rosid_dicot_family.n.01
asterid_dicot_genus.n.01	_hyponym	genus_filago.n.01
genus_filago.n.01	_hypernym	asterid_dicot_genus.n.01
liquid_body_substance.n.01	_hyponym	juice.n.04
juice.n.04	_hypernym	liquid_body_substance.n.01
evaluator.n.01	_hypernym	authority.n.03
authority.n.03	_hyponym	evaluator.n.01
grass.n.01	_hyponym	cereal.n.01
cereal.n.01	_hypernym	grass.n.01
product.n.02	_hyponym	movie.n.01
movie.n.01	_hypernym	product.n.02
dekagram.n.01	_hypernym	metric_weight_unit.n.01
metric_weight_unit.n.01	_hyponym	dekagram.n.01
monocot_family.n.01	_hyponym	cyperaceae.n.01
cyperaceae.n.01	_hypernym	monocot_family.n.01
genus_zinnia.n.01	_hypernym	asterid_dicot_genus.n.01
asterid_dicot_genus.n.01	_hyponym	genus_zinnia.n.01
mender.n.01	_hypernym	skilled_worker.n.01
skilled_worker.n.01	_hyponym	mender.n.01
animal_order.n.01	_hyponym	gadiformes.n.01
gadiformes.n.01	_hypernym	animal_order.n.01
get.v.01	_hyponym	find.v.03
find.v.03	_hypernym	get.v.01
even-toed_ungulate.n.01	_hypernym	ungulate.n.01
ungulate.n.01	_hyponym	even-toed_ungulate.n.01
carapace.n.01	_part_of	arthropod.n.01
arthropod.n.01	_has_part	carapace.n.01
old_testament.n.01	_has_part	habakkuk.n.02
habakkuk.n.02	_part_of	old_testament.n.01
germany.n.01	_has_part	oder.n.01
oder.n.01	_part_of	germany.n.01
mozambique.n.01	_has_part	limpopo.n.01
limpopo.n.01	_part_of	mozambique.n.01
spinal_cord.n.01	_has_part	golgi's_cell.n.01
golgi's_cell.n.01	_part_of	spinal_cord.n.01
morocco.n.01	_has_part	jebel_musa.n.01
jebel_musa.n.01	_part_of	morocco.n.01
door.n.01	_part_of	doorway.n.01
doorway.n.01	_has_part	door.n.01
midwest.n.01	_has_part	michigan.n.01
michigan.n.01	_part_of	midwest.n.01
golf-club_head.n.01	_has_part	face.n.04
face.n.04	_part_of	golf-club_head.n.01
africa.n.01	_has_part	african_country.n.01
african_country.n.01	_part_of	africa.n.01
new_jersey.n.01	_part_of	united_states.n.01
united_states.n.01	_has_part	new_jersey.n.01
mobile.n.01	_part_of	alabama.n.01
alabama.n.01	_has_part	mobile.n.01
cavity.n.04	_part_of	body.n.01
body.n.01	_has_part	cavity.n.04
greece.n.01	_has_part	dodecanese.n.01
dodecanese.n.01	_part_of	greece.n.01
asia.n.01	_has_part	mongolia.n.01
mongolia.n.01	_part_of	asia.n.01
africa.n.01	_has_part	congo.n.01
congo.n.01	_part_of	africa.n.01
makalu.n.01	_part_of	nepal.n.01
nepal.n.01	_has_part	makalu.n.01
sign_language.n.01	_has_part	sign.n.09
sign.n.09	_part_of	sign_language.n.01
seven_hills_of_rome.n.01	_part_of	rome.n.01
rome.n.01	_has_part	seven_hills_of_rome.n.01
urethra.n.01	_has_part	urethral_orifice.n.01
urethral_orifice.n.01	_part_of	urethra.n.01
sheep.n.01	_has_part	withers.n.01
withers.n.01	_part_of	sheep.n.01
cone.n.03	_part_of	club_moss.n.01
club_moss.n.01	_has_part	cone.n.03
sodom.n.02	_part_of	israel.n.01
israel.n.01	_has_part	sodom.n.02
united_states.n.01	_has_part	illinois.n.01
illinois.n.01	_part_of	united_states.n.01
kansas.n.01	_has_part	arkansas.n.02
arkansas.n.02	_part_of	kansas.n.01
germany.n.01	_has_part	bremen.n.01
bremen.n.01	_part_of	germany.n.01
peru.n.01	_has_part	amazon.n.03
amazon.n.03	_part_of	peru.n.01
congo.n.01	_has_part	goma.n.01
goma.n.01	_part_of	congo.n.01
optic_nerve.n.01	_part_of	visual_system.n.01
visual_system.n.01	_has_part	optic_nerve.n.01
organism.n.01	_has_part	body_part.n.01
body_part.n.01	_part_of	organism.n.01
guy.n.03	_part_of	tent.n.01
tent.n.01	_has_part	guy.n.03
angola.n.01	_has_part	lobito.n.01
lobito.n.01	_part_of	angola.n.01
nail.n.02	_has_part	shank.n.03
shank.n.03	_part_of	nail.n.02
mont_blanc.n.01	_part_of	france.n.01
france.n.01	_has_part	mont_blanc.n.01
lebanon.n.01	_part_of	asia.n.01
asia.n.01	_has_part	lebanon.n.01
himalayas.n.01	_has_part	makalu.n.01
makalu.n.01	_part_of	himalayas.n.01
vertebrate.n.01	_has_part	tail.n.01
tail.n.01	_part_of	vertebrate.n.01
brahmaputra.n.01	_part_of	india.n.01
india.n.01	_has_part	brahmaputra.n.01
summer_squash.n.01	_has_part	summer_squash.n.02
summer_squash.n.02	_part_of	summer_squash.n.01
europe.n.01	_has_part	roman_empire.n.01
roman_empire.n.01	_part_of	europe.n.01
fanjet.n.02	_has_part	gas_turbine.n.01
gas_turbine.n.01	_part_of	fanjet.n.02
united_states.n.01	_has_part	hawaii.n.01
hawaii.n.01	_part_of	united_states.n.01
gregorian_calendar_month.n.01	_part_of	gregorian_calendar.n.01
gregorian_calendar.n.01	_has_part	gregorian_calendar_month.n.01
pacific_northwest.n.01	_part_of	united_states.n.01
united_states.n.01	_has_part	pacific_northwest.n.01
nervous_system.n.01	_has_part	neural_network.n.02
neural_network.n.02	_part_of	nervous_system.n.01
bible.n.01	_has_part	testament.n.04
testament.n.04	_part_of	bible.n.01
hedgehog.n.02	_has_part	quill.n.02
quill.n.02	_part_of	hedgehog.n.02
carolina.n.01	_has_part	south_carolina.n.02
south_carolina.n.02	_part_of	carolina.n.01
cattle.n.01	_has_part	beef.n.02
beef.n.02	_part_of	cattle.n.01
nevada.n.01	_has_part	colorado.n.03
colorado.n.03	_part_of	nevada.n.01
wall.n.01	_has_part	paneling.n.01
paneling.n.01	_part_of	wall.n.01
neural_network.n.02	_part_of	nervous_system.n.01
nervous_system.n.01	_has_part	neural_network.n.02
vessel.n.03	_has_part	base.n.19
base.n.19	_part_of	vessel.n.03
canada.n.01	_has_part	maritime_provinces.n.01
maritime_provinces.n.01	_part_of	canada.n.01
heliosphere.n.01	_part_of	milky_way.n.01
milky_way.n.01	_has_part	heliosphere.n.01
south_america.n.01	_has_part	colombia.n.01
colombia.n.01	_part_of	south_america.n.01
pacific.n.01	_has_part	volcano_islands.n.01
volcano_islands.n.01	_part_of	pacific.n.01
eye.n.01	_has_part	nictitating_membrane.n.01
nictitating_membrane.n.01	_part_of	eye.n.01
thigh.n.01	_part_of	leg.n.01
leg.n.01	_has_part	thigh.n.01
bible.n.01	_has_part	old_testament.n.01
old_testament.n.01	_part_of	bible.n.01
fish_family.n.01	_hyponym	lutjanidae.n.01
lutjanidae.n.01	_hypernym	fish_family.n.01
contraceptive.n.01	_hypernym	device.n.01
device.n.01	_hyponym	contraceptive.n.01
dicot_genus.n.01	_hyponym	juglans.n.01
juglans.n.01	_hypernym	dicot_genus.n.01
investigate.v.01	_hyponym	probe.v.01
probe.v.01	_hypernym	investigate.v.01
change_state.v.01	_hyponym	die.v.01
die.v.01	_hypernym	change_state.v.01
pleading.n.01	_hypernym	statement.n.01
statement.n.01	_hyponym	pleading.n.01
riding.n.02	_hypernym	travel.n.01
travel.n.01	_hyponym	riding.n.02
placental.n.01	_hyponym	pangolin.n.01
pangolin.n.01	_hypernym	placental.n.01
neural_structure.n.01	_hyponym	brain.n.01
brain.n.01	_hypernym	neural_structure.n.01
tanacetum.n.01	_hypernym	asterid_dicot_genus.n.01
asterid_dicot_genus.n.01	_hyponym	tanacetum.n.01
inventor.n.01	_hypernym	creator.n.02
creator.n.02	_hyponym	inventor.n.01
bletilla.n.01	_hypernym	monocot_genus.n.01
monocot_genus.n.01	_hyponym	bletilla.n.01
permission.n.01	_hypernym	approval.n.04
approval.n.04	_hyponym	permission.n.01
ammodytes.n.01	_hypernym	fish_genus.n.01
fish_genus.n.01	_hyponym	ammodytes.n.01
workman.n.01	_hyponym	mover.n.01
mover.n.01	_hypernym	workman.n.01
aquatic_plant.n.01	_hyponym	water_lily.n.01
water_lily.n.01	_hypernym	aquatic_plant.n.01
lizard.n.01	_hyponym	chameleon.n.03
chameleon.n.03	_hypernym	lizard.n.01
shade.n.02	_hypernym	color.n.01
color.n.01	_hyponym	shade.n.02
shrub.n.01	_hyponym	spirea.n.02
spirea.n.02	_hypernym	shrub.n.01
genus_astrantia.n.01	_hypernym	rosid_dicot_genus.n.01
rosid_dicot_genus.n.01	_hyponym	genus_astrantia.n.01
military_unit.n.01	_hyponym	headquarters.n.03
headquarters.n.03	_hypernym	military_unit.n.01
choice.n.02	_hypernym	action.n.01
action.n.01	_hyponym	choice.n.02
helium.n.01	_hypernym	chemical_element.n.01
chemical_element.n.01	_hyponym	helium.n.01
cartilaginous_fish.n.01	_hyponym	elasmobranch.n.01
elasmobranch.n.01	_hypernym	cartilaginous_fish.n.01
zygomatic_process.n.01	_hypernym	process.n.05
process.n.05	_hyponym	zygomatic_process.n.01
express.v.04	_hypernym	denote.v.02
denote.v.02	_hyponym	express.v.04
prostitute.v.01	_hypernym	sell.v.01
sell.v.01	_hyponym	prostitute.v.01
dishonesty.n.02	_hyponym	falsification.n.03
falsification.n.03	_hypernym	dishonesty.n.02
university.n.02	_hypernym	establishment.n.04
establishment.n.04	_hyponym	university.n.02
latin.n.01	_hyponym	romance.n.03
romance.n.03	_hypernym	latin.n.01
reptile_family.n.01	_hyponym	hadrosauridae.n.01
hadrosauridae.n.01	_hypernym	reptile_family.n.01
coverall.n.01	_hyponym	overall.n.02
overall.n.02	_hypernym	coverall.n.01
coat.v.01	_hyponym	pave.v.01
pave.v.01	_hypernym	coat.v.01
platycerium.n.01	_hypernym	fern_genus.n.01
fern_genus.n.01	_hyponym	platycerium.n.01
consume.v.02	_hyponym	drug.v.02
drug.v.02	_hypernym	consume.v.02
kumquat.n.02	_hypernym	citrus.n.01
citrus.n.01	_hyponym	kumquat.n.02
volcano.n.02	_hypernym	mountain.n.01
mountain.n.01	_hyponym	volcano.n.02
anesthetize.v.01	_hypernym	drug.v.01
drug.v.01	_hyponym	anesthetize.v.01
frog.n.01	_hyponym	true_frog.n.01
true_frog.n.01	_hypernym	frog.n.01
nephropsidae.n.01	_hypernym	arthropod_family.n.01
arthropod_family.n.01	_hyponym	nephropsidae.n.01
righteye_flounder.n.01	_hypernym	flatfish.n.02
flatfish.n.02	_hyponym	righteye_flounder.n.01
mammal_genus.n.01	_hyponym	balaena.n.01
balaena.n.01	_hypernym	mammal_genus.n.01
fix.v.12	_hyponym	cultivate.v.02
cultivate.v.02	_hypernym	fix.v.12
container.n.01	_hyponym	bag.n.01
bag.n.01	_hypernym	container.n.01
boatbill.n.01	_hypernym	heron.n.02
heron.n.02	_hyponym	boatbill.n.01
contestant.n.01	_hyponym	athlete.n.01
athlete.n.01	_hypernym	contestant.n.01
ship.n.01	_hyponym	steamer.n.03
steamer.n.03	_hypernym	ship.n.01
fruit_tree.n.01	_hyponym	apple_tree.n.01
apple_tree.n.01	_hypernym	fruit_tree.n.01
move.v.03	_hyponym	dance.v.02
dance.v.02	_hypernym	move.v.03
grain.n.02	_hypernym	foodstuff.n.02
foodstuff.n.02	_hyponym	grain.n.02
fruit_fly.n.01	_hypernym	dipterous_insect.n.01
dipterous_insect.n.01	_hyponym	fruit_fly.n.01
theologian.n.01	_hypernym	scholar.n.01
scholar.n.01	_hyponym	theologian.n.01
fullness.n.03	_hypernym	condition.n.01
condition.n.01	_hyponym	fullness.n.03
dilation_and_curettage.n.01	_hypernym	operation.n.06
operation.n.06	_hyponym	dilation_and_curettage.n.01
family.n.06	_hyponym	moss_family.n.01
moss_family.n.01	_hypernym	family.n.06
aeonium.n.01	_hypernym	plant_genus.n.01
plant_genus.n.01	_hyponym	aeonium.n.01
class.n.07	_hyponym	rhodophyceae.n.01
rhodophyceae.n.01	_hypernym	class.n.07
flow.n.01	_hypernym	change_of_location.n.01
change_of_location.n.01	_hyponym	flow.n.01
room.n.01	_hyponym	compartment.n.02
compartment.n.02	_hypernym	room.n.01
asterid_dicot_family.n.01	_hyponym	labiatae.n.01
labiatae.n.01	_hypernym	asterid_dicot_family.n.01
fish_genus.n.01	_hyponym	platypoecilus.n.01
platypoecilus.n.01	_hypernym	fish_genus.n.01
autocracy.n.01	_hypernym	political_system.n.01
political_system.n.01	_hyponym	autocracy.n.01
disputant.n.01	_hyponym	reformer.n.01
reformer.n.01	_hypernym	disputant.n.01
nystatin.n.01	_hypernym	antifungal.n.01
antifungal.n.01	_hyponym	nystatin.n.01
propulsion.n.02	_hyponym	dribble.n.03
dribble.n.03	_hypernym	propulsion.n.02
sensation.n.01	_hyponym	sound.n.02
sound.n.02	_hypernym	sensation.n.01
trombiculidae.n.01	_hypernym	arthropod_family.n.01
arthropod_family.n.01	_hyponym	trombiculidae.n.01
motor_vehicle.n.01	_hyponym	truck.n.01
truck.n.01	_hypernym	motor_vehicle.n.01
fight.v.02	_hypernym	contend.v.06
contend.v.06	_hyponym	fight.v.02
band.n.07	_hyponym	hoop.n.02
hoop.n.02	_hypernym	band.n.07
nutriment.n.01	_hyponym	wheat_germ.n.01
wheat_germ.n.01	_hypernym	nutriment.n.01
jew.n.01	_hypernym	person.n.01
person.n.01	_hyponym	jew.n.01
nonworker.n.01	_hyponym	idler.n.01
idler.n.01	_hypernym	nonworker.n.01
athene.n.02	_hypernym	bird_genus.n.01
bird_genus.n.01	_hyponym	athene.n.02
wheatgrass.n.01	_hypernym	grass.n.01
grass.n.01	_hyponym	wheatgrass.n.01
scleroderma.n.02	_hypernym	fungus_genus.n.01
fungus_genus.n.01	_hyponym	scleroderma.n.02
bur_marigold.n.01	_hypernym	subshrub.n.01
subshrub.n.01	_hyponym	bur_marigold.n.01
bodily_process.n.01	_hyponym	breathing.n.01
breathing.n.01	_hypernym	bodily_process.n.01
euronithopoda.n.01	_hypernym	animal_order.n.01
animal_order.n.01	_hyponym	euronithopoda.n.01
force.n.04	_hyponym	paramilitary.n.01
paramilitary.n.01	_hypernym	force.n.04
common_staghorn_fern.n.01	_hypernym	staghorn_fern.n.01
staghorn_fern.n.01	_hyponym	common_staghorn_fern.n.01
scombroid.n.01	_hyponym	swordfish.n.02
swordfish.n.02	_hypernym	scombroid.n.01
arthropod_genus.n.01	_hyponym	sialis.n.01
sialis.n.01	_hypernym	arthropod_genus.n.01
spin.n.02	_hyponym	birling.n.01
birling.n.01	_hypernym	spin.n.02
recoil.n.02	_hypernym	movement.n.03
movement.n.03	_hyponym	recoil.n.02
mark.v.05	_hyponym	spot.v.06
spot.v.06	_hypernym	mark.v.05
flower.n.01	_hyponym	sandwort.n.03
sandwort.n.03	_hypernym	flower.n.01
diodontidae.n.01	_hypernym	fish_family.n.01
fish_family.n.01	_hyponym	diodontidae.n.01
aplodontia.n.01	_hypernym	mammal_genus.n.01
mammal_genus.n.01	_hyponym	aplodontia.n.01
square-bashing.n.01	_hypernym	military_drill.n.01
military_drill.n.01	_hyponym	square-bashing.n.01
herb.n.01	_hyponym	mouse-ear_chickweed.n.01
mouse-ear_chickweed.n.01	_hypernym	herb.n.01
system.n.06	_hyponym	respiratory_system.n.01
respiratory_system.n.01	_hypernym	system.n.06
organization_of_american_states.n.01	_hypernym	world_organization.n.01
world_organization.n.01	_hyponym	organization_of_american_states.n.01
rummy.n.02	_hypernym	card_game.n.01
card_game.n.01	_hyponym	rummy.n.02
change.v.02	_hyponym	adjust.v.03
adjust.v.03	_hypernym	change.v.02
predicament.n.01	_hypernym	difficulty.n.03
difficulty.n.03	_hyponym	predicament.n.01
brain_disorder.n.01	_hypernym	nervous_disorder.n.01
nervous_disorder.n.01	_hyponym	brain_disorder.n.01
arthropod_family.n.01	_hyponym	tineidae.n.01
tineidae.n.01	_hypernym	arthropod_family.n.01
asterid_dicot_genus.n.01	_hyponym	lycium.n.01
lycium.n.01	_hypernym	asterid_dicot_genus.n.01
work_unit.n.01	_hypernym	unit_of_measurement.n.01
unit_of_measurement.n.01	_hyponym	work_unit.n.01
stromateidae.n.01	_hypernym	fish_family.n.01
fish_family.n.01	_hyponym	stromateidae.n.01
force.n.04	_hyponym	guerrilla_force.n.01
guerrilla_force.n.01	_hypernym	force.n.04
attribute.n.02	_hyponym	trait.n.01
trait.n.01	_hypernym	attribute.n.02
ballplayer.n.01	_hyponym	pitcher.n.01
pitcher.n.01	_hypernym	ballplayer.n.01
society.n.01	_hypernym	social_group.n.01
social_group.n.01	_hyponym	society.n.01
zygoma.n.01	_hypernym	bone.n.01
bone.n.01	_hyponym	zygoma.n.01
living_room.n.01	_hypernym	room.n.01
room.n.01	_hyponym	living_room.n.01
blind.n.03	_hyponym	curtain.n.01
curtain.n.01	_hypernym	blind.n.03
feeling.n.01	_hyponym	sadness.n.01
sadness.n.01	_hypernym	feeling.n.01
transport.v.04	_hypernym	move.v.02
move.v.02	_hyponym	transport.v.04
sanitary_condition.n.01	_hyponym	dirtiness.n.01
dirtiness.n.01	_hypernym	sanitary_condition.n.01
support.n.10	_hyponym	seat.n.04
seat.n.04	_hypernym	support.n.10
atrium_cordis.n.01	_hypernym	atrium.n.01
atrium.n.01	_hyponym	atrium_cordis.n.01
payment.n.02	_hypernym	commerce.n.01
commerce.n.01	_hyponym	payment.n.02
sagittariidae.n.01	_hypernym	bird_family.n.01
bird_family.n.01	_hyponym	sagittariidae.n.01
sports_equipment.n.01	_hyponym	spike.n.02
spike.n.02	_hypernym	sports_equipment.n.01
system.n.06	_hyponym	nervous_system.n.01
nervous_system.n.01	_hypernym	system.n.06
member.n.01	_hyponym	council_member.n.01
council_member.n.01	_hypernym	member.n.01
cycnoches.n.01	_hypernym	monocot_genus.n.01
monocot_genus.n.01	_hyponym	cycnoches.n.01
maxostoma.n.01	_hypernym	fish_genus.n.01
fish_genus.n.01	_hyponym	maxostoma.n.01
passer.n.05	_hypernym	bird_genus.n.01
bird_genus.n.01	_hyponym	passer.n.05
fraud.n.01	_hyponym	swindle.n.01
swindle.n.01	_hypernym	fraud.n.01
archipelago.n.01	_hypernym	land.n.04
land.n.04	_hyponym	archipelago.n.01
disapproval.n.04	_hypernym	judgment.n.02
judgment.n.02	_hyponym	disapproval.n.04
owl.n.01	_hyponym	little_owl.n.01
little_owl.n.01	_hypernym	owl.n.01
function_word.n.01	_hypernym	word.n.01
word.n.01	_hyponym	function_word.n.01
canine.n.02	_hyponym	dog.n.01
dog.n.01	_hypernym	canine.n.02
