testimony.n.01	_hyponym	affidavit.n.01
affidavit.n.01	_hypernym	testimony.n.01
isle.n.01	_derivationally_related_form	isle.n.01
isle.n.01	_derivationally_related_form	isle.n.01
antarctic.n.01	_has_part	antarctic_ocean.n.01
antarctic_ocean.n.01	_part_of	antarctic.n.01
sustenance.n.03	_hypernym	support.n.01
support.n.01	_hyponym	sustenance.n.03
agamid.n.01	_hyponym	moloch.n.03
moloch.n.03	_hypernym	agamid.n.01
knock.n.03	_derivationally_related_form	sock.v.01
sock.v.01	_derivationally_related_form	knock.n.03
definition.n.01	_derivationally_related_form	define.v.02
define.v.02	_derivationally_related_form	definition.n.01
take_over.v.03	_derivationally_related_form	stand-in.n.01
stand-in.n.01	_derivationally_related_form	take_over.v.03
nickname.n.01	_hypernym	appellation.n.01
appellation.n.01	_hyponym	nickname.n.01
float.v.01	_verb_group	float.v.05
float.v.05	_verb_group	float.v.01
gentian.n.01	_hyponym	fringed_gentian.n.01
fringed_gentian.n.01	_hypernym	gentian.n.01
engraver.n.01	_hyponym	lapidary.n.02
lapidary.n.02	_hypernym	engraver.n.01
bacteria_species.n.01	_hypernym	species.n.01
species.n.01	_hyponym	bacteria_species.n.01
vow.v.01	_hypernym	pledge.v.01
pledge.v.01	_hyponym	vow.v.01
hum.v.02	_hyponym	teem.v.01
teem.v.01	_hypernym	hum.v.02
patch.n.03	_derivationally_related_form	patch.v.01
patch.v.01	_derivationally_related_form	patch.n.03
dwindling.n.01	_derivationally_related_form	dwindle.v.01
dwindle.v.01	_derivationally_related_form	dwindling.n.01
moor.v.03	_derivationally_related_form	docking.n.01
docking.n.01	_derivationally_related_form	moor.v.03
melampsoraceae.n.01	_member_holonym	uredinales.n.01
uredinales.n.01	_member_meronym	melampsoraceae.n.01
arvicola.n.01	_member_meronym	water_vole.n.01
water_vole.n.01	_member_holonym	arvicola.n.01
zoologist.n.01	_hyponym	ornithologist.n.01
ornithologist.n.01	_hypernym	zoologist.n.01
vigil.n.02	_hypernym	rite.n.01
rite.n.01	_hyponym	vigil.n.02
gate.n.01	_derivationally_related_form	gate.v.01
gate.v.01	_derivationally_related_form	gate.n.01
unauthorized.a.01	_also_see	illegitimate.a.02
illegitimate.a.02	_also_see	unauthorized.a.01
editing.n.01	_hyponym	deletion.n.03
deletion.n.03	_hypernym	editing.n.01
narrowing.n.01	_hyponym	constriction.n.01
constriction.n.01	_hypernym	narrowing.n.01
use.v.01	_derivationally_related_form	utilizer.n.01
utilizer.n.01	_derivationally_related_form	use.v.01
amorousness.n.02	_hypernym	sexual_desire.n.01
sexual_desire.n.01	_hyponym	amorousness.n.02
suit.n.01	_hyponym	business_suit.n.01
business_suit.n.01	_hypernym	suit.n.01
foreswear.v.02	_hypernym	abandon.v.02
abandon.v.02	_hyponym	foreswear.v.02
disperse.v.02	_derivationally_related_form	scatter.n.02
scatter.n.02	_derivationally_related_form	disperse.v.02
freckle.n.01	_part_of	skin.n.01
skin.n.01	_has_part	freckle.n.01
maleficent.a.01	_derivationally_related_form	maleficence.n.02
maleficence.n.02	_derivationally_related_form	maleficent.a.01
acropora.n.01	_hypernym	coelenterate_genus.n.01
coelenterate_genus.n.01	_hyponym	acropora.n.01
airline.n.01	_hypernym	hose.n.03
hose.n.03	_hyponym	airline.n.01
pirate.n.03	_derivationally_related_form	piratical.a.01
piratical.a.01	_derivationally_related_form	pirate.n.03
culcita.n.01	_member_holonym	dicksoniaceae.n.01
dicksoniaceae.n.01	_member_meronym	culcita.n.01
liquid.a.01	_derivationally_related_form	fluidity.n.01
fluidity.n.01	_derivationally_related_form	liquid.a.01
excuse.v.05	_derivationally_related_form	excuse.n.02
excuse.n.02	_derivationally_related_form	excuse.v.05
sick_person.n.01	_hyponym	neurotic.n.01
neurotic.n.01	_hypernym	sick_person.n.01
stone.v.01	_derivationally_related_form	stoner.n.01
stoner.n.01	_derivationally_related_form	stone.v.01
stage.n.06	_hyponym	fare-stage.n.01
fare-stage.n.01	_hypernym	stage.n.06
degree.n.05	_hypernym	exponent.n.03
exponent.n.03	_hyponym	degree.n.05
investment.n.02	_derivationally_related_form	invest.v.01
invest.v.01	_derivationally_related_form	investment.n.02
untying.n.01	_derivationally_related_form	untie.v.02
untie.v.02	_derivationally_related_form	untying.n.01
beach.n.01	_part_of	shore.n.01
shore.n.01	_has_part	beach.n.01
relevance.n.01	_hypernym	connection.n.01
connection.n.01	_hyponym	relevance.n.01
fashion.v.01	_hypernym	make.v.15
make.v.15	_hyponym	fashion.v.01
dwarf_elder.n.01	_member_holonym	sambucus.n.01
sambucus.n.01	_member_meronym	dwarf_elder.n.01
support.v.09	_derivationally_related_form	accompaniment.n.02
accompaniment.n.02	_derivationally_related_form	support.v.09
gypsy.n.02	_hypernym	indian.n.02
indian.n.02	_hyponym	gypsy.n.02
sauk.n.01	_hypernym	algonquian.n.01
algonquian.n.01	_hyponym	sauk.n.01
grugru.n.01	_hypernym	feather_palm.n.01
feather_palm.n.01	_hyponym	grugru.n.01
evaluation.n.02	_hyponym	undervaluation.n.01
undervaluation.n.01	_hypernym	evaluation.n.02
system.n.06	_hyponym	integumentary_system.n.01
integumentary_system.n.01	_hypernym	system.n.06
monopoly.n.01	_hypernym	market.n.01
market.n.01	_hyponym	monopoly.n.01
clerk.n.01	_hyponym	settler.n.03
settler.n.03	_hypernym	clerk.n.01
spotted_weakfish.n.01	_hypernym	sea_trout.n.02
sea_trout.n.02	_hyponym	spotted_weakfish.n.01
interest.n.03	_hyponym	color.n.02
color.n.02	_hypernym	interest.n.03
literary_composition.n.01	_hyponym	lucubration.n.01
lucubration.n.01	_hypernym	literary_composition.n.01
center.n.11	_hypernym	place.n.02
place.n.02	_hyponym	center.n.11
imperceptible.a.01	_also_see	invisible.a.01
invisible.a.01	_also_see	imperceptible.a.01
affliction.n.03	_hyponym	bane.n.01
bane.n.01	_hypernym	affliction.n.03
spin.n.01	_hypernym	rotation.n.03
rotation.n.03	_hyponym	spin.n.01
wall.v.01	_derivationally_related_form	wall.n.07
wall.n.07	_derivationally_related_form	wall.v.01
absorb.v.04	_derivationally_related_form	absorption.n.01
absorption.n.01	_derivationally_related_form	absorb.v.04
hemiptera.n.01	_member_meronym	coreidae.n.01
coreidae.n.01	_member_holonym	hemiptera.n.01
grinding.n.03	_derivationally_related_form	abrade.v.01
abrade.v.01	_derivationally_related_form	grinding.n.03
ephemeridae.n.01	_member_meronym	mayfly.n.01
mayfly.n.01	_member_holonym	ephemeridae.n.01
launching.n.03	_hypernym	propulsion.n.02
propulsion.n.02	_hyponym	launching.n.03
ping.v.01	_derivationally_related_form	ping.n.02
ping.n.02	_derivationally_related_form	ping.v.01
uncongenial.a.01	_also_see	incompatible.a.01
incompatible.a.01	_also_see	uncongenial.a.01
tease.v.01	_derivationally_related_form	tease.n.01
tease.n.01	_derivationally_related_form	tease.v.01
agent.n.02	_hyponym	booker.n.01
booker.n.01	_hypernym	agent.n.02
osmundaceae.n.01	_member_meronym	todea.n.01
todea.n.01	_member_holonym	osmundaceae.n.01
heretic.n.01	_derivationally_related_form	misbelieve.v.01
misbelieve.v.01	_derivationally_related_form	heretic.n.01
hypopachus.n.01	_member_meronym	sheep_frog.n.01
sheep_frog.n.01	_member_holonym	hypopachus.n.01
god.n.01	_instance_hypernym	spiritual_being.n.01
spiritual_being.n.01	_instance_hyponym	god.n.01
calorie.n.02	_derivationally_related_form	thermal.a.01
thermal.a.01	_derivationally_related_form	calorie.n.02
balaenopteridae.n.01	_member_meronym	megaptera.n.01
megaptera.n.01	_member_holonym	balaenopteridae.n.01
enemy.n.02	_hyponym	besieger.n.01
besieger.n.01	_hypernym	enemy.n.02
enhance.v.01	_derivationally_related_form	augmentative.s.02
augmentative.s.02	_derivationally_related_form	enhance.v.01
england.n.01	_has_part	newcastle.n.01
newcastle.n.01	_part_of	england.n.01
basin.n.01	_hyponym	washbasin.n.02
washbasin.n.02	_hypernym	basin.n.01
vangueria.n.01	_member_meronym	wild_medlar.n.01
wild_medlar.n.01	_member_holonym	vangueria.n.01
voicelessness.n.03	_hypernym	powerlessness.n.01
powerlessness.n.01	_hyponym	voicelessness.n.03
feign.v.01	_hyponym	talk_through_one's_hat.v.01
talk_through_one's_hat.v.01	_hypernym	feign.v.01
reproduce.v.01	_hyponym	duplicate.v.03
duplicate.v.03	_hypernym	reproduce.v.01
north_american.n.01	_hyponym	canadian.n.01
canadian.n.01	_hypernym	north_american.n.01
olive.n.02	_has_part	olive.n.04
olive.n.04	_part_of	olive.n.02
horn.n.07	_hypernym	animal_material.n.01
animal_material.n.01	_hyponym	horn.n.07
insectivore.n.01	_hyponym	mole.n.06
mole.n.06	_hypernym	insectivore.n.01
leaf.n.01	_hyponym	dandelion_green.n.01
dandelion_green.n.01	_hypernym	leaf.n.01
pestle.v.01	_hypernym	grind.v.05
grind.v.05	_hyponym	pestle.v.01
text.n.01	_hyponym	installment.n.03
installment.n.03	_hypernym	text.n.01
unmindfulness.n.01	_derivationally_related_form	unmindful.a.01
unmindful.a.01	_derivationally_related_form	unmindfulness.n.01
disorder.n.03	_hyponym	disturbance.n.03
disturbance.n.03	_hypernym	disorder.n.03
clostridium_perfringens.n.01	_member_holonym	genus_clostridium.n.01
genus_clostridium.n.01	_member_meronym	clostridium_perfringens.n.01
mix.v.05	_derivationally_related_form	mix.n.02
mix.n.02	_derivationally_related_form	mix.v.05
raise.v.02	_hypernym	move.v.02
move.v.02	_hyponym	raise.v.02
root.n.01	_hyponym	calamus.n.02
calamus.n.02	_hypernym	root.n.01
end.v.01	_derivationally_related_form	end.n.01
end.n.01	_derivationally_related_form	end.v.01
disregard.n.02	_derivationally_related_form	dismiss.v.01
dismiss.v.01	_derivationally_related_form	disregard.n.02
tiercel.n.01	_derivationally_related_form	tiercel.n.01
tiercel.n.01	_derivationally_related_form	tiercel.n.01
meal.n.01	_has_part	sandwich.n.01
sandwich.n.01	_part_of	meal.n.01
promise.v.01	_derivationally_related_form	promiser.n.01
promiser.n.01	_derivationally_related_form	promise.v.01
room.n.01	_hyponym	compartment.n.02
compartment.n.02	_hypernym	room.n.01
travel.v.01	_hyponym	fly.v.01
fly.v.01	_hypernym	travel.v.01
asterid_dicot_family.n.01	_hyponym	labiatae.n.01
labiatae.n.01	_hypernym	asterid_dicot_family.n.01
inference.n.01	_derivationally_related_form	deduce.v.01
deduce.v.01	_derivationally_related_form	inference.n.01
change.v.01	_hyponym	tighten.v.01
tighten.v.01	_hypernym	change.v.01
fish_genus.n.01	_hyponym	platypoecilus.n.01
platypoecilus.n.01	_hypernym	fish_genus.n.01
steer.v.01	_derivationally_related_form	usher.n.03
usher.n.03	_derivationally_related_form	steer.v.01
feed.v.06	_hyponym	crop.v.05
crop.v.05	_hypernym	feed.v.06
autocracy.n.01	_hypernym	political_system.n.01
political_system.n.01	_hyponym	autocracy.n.01
tip.n.03	_derivationally_related_form	tip_off.v.01
tip_off.v.01	_derivationally_related_form	tip.n.03
siege.n.01	_instance_hyponym	orleans.n.02
orleans.n.02	_instance_hypernym	siege.n.01
nystatin.n.01	_hypernym	antifungal.n.01
antifungal.n.01	_hyponym	nystatin.n.01
legume.n.01	_member_holonym	leguminosae.n.01
leguminosae.n.01	_member_meronym	legume.n.01
brachyura.n.01	_member_meronym	portunidae.n.01
portunidae.n.01	_member_holonym	brachyura.n.01
deal.n.09	_hypernym	allotment.n.02
allotment.n.02	_hyponym	deal.n.09
president_of_the_united_states.n.01	_instance_hyponym	jefferson.n.01
jefferson.n.01	_instance_hypernym	president_of_the_united_states.n.01
dominica.n.01	_member_holonym	organization_of_american_states.n.01
organization_of_american_states.n.01	_member_meronym	dominica.n.01
sensation.n.01	_hyponym	sound.n.02
sound.n.02	_hypernym	sensation.n.01
trombiculidae.n.01	_hypernym	arthropod_family.n.01
arthropod_family.n.01	_hyponym	trombiculidae.n.01
accipitridae.n.01	_member_meronym	hawk.n.01
hawk.n.01	_member_holonym	accipitridae.n.01
motor_vehicle.n.01	_hyponym	truck.n.01
truck.n.01	_hypernym	motor_vehicle.n.01
fight.v.02	_hypernym	contend.v.06
contend.v.06	_hyponym	fight.v.02
band.n.07	_hyponym	hoop.n.02
hoop.n.02	_hypernym	band.n.07
cavity.n.04	_part_of	body.n.01
body.n.01	_has_part	cavity.n.04
spain.n.01	_member_of_domain_region	duenna.n.01
duenna.n.01	_synset_domain_region_of	spain.n.01
insecta.n.01	_member_holonym	arthropoda.n.01
arthropoda.n.01	_member_meronym	insecta.n.01
greece.n.01	_has_part	dodecanese.n.01
dodecanese.n.01	_part_of	greece.n.01
nutriment.n.01	_hyponym	wheat_germ.n.01
wheat_germ.n.01	_hypernym	nutriment.n.01
chelydra.n.01	_member_holonym	chelydridae.n.01
chelydridae.n.01	_member_meronym	chelydra.n.01
military.n.01	_member_of_domain_topic	camp.n.01
camp.n.01	_synset_domain_topic_of	military.n.01
jew.n.01	_hypernym	person.n.01
person.n.01	_hyponym	jew.n.01
tremellales.n.01	_member_meronym	dacrymycetaceae.n.01
dacrymycetaceae.n.01	_member_holonym	tremellales.n.01
nonworker.n.01	_hyponym	idler.n.01
idler.n.01	_hypernym	nonworker.n.01
athene.n.02	_hypernym	bird_genus.n.01
bird_genus.n.01	_hyponym	athene.n.02
wheatgrass.n.01	_hypernym	grass.n.01
grass.n.01	_hyponym	wheatgrass.n.01
reflex.n.01	_hyponym	startle.n.01
startle.n.01	_hypernym	reflex.n.01
scleroderma.n.02	_hypernym	fungus_genus.n.01
fungus_genus.n.01	_hyponym	scleroderma.n.02
yodel.v.01	_hypernym	sing.v.02
sing.v.02	_hyponym	yodel.v.01
bur_marigold.n.01	_hypernym	subshrub.n.01
subshrub.n.01	_hyponym	bur_marigold.n.01
pull.v.01	_hyponym	adduct.v.01
adduct.v.01	_hypernym	pull.v.01
adjust.v.03	_hyponym	assimilate.v.02
assimilate.v.02	_hypernym	adjust.v.03
bodily_process.n.01	_hyponym	breathing.n.01
breathing.n.01	_hypernym	bodily_process.n.01
euronithopoda.n.01	_hypernym	animal_order.n.01
animal_order.n.01	_hyponym	euronithopoda.n.01
force.n.04	_hyponym	paramilitary.n.01
paramilitary.n.01	_hypernym	force.n.04
taxonomist.n.01	_derivationally_related_form	systematism.n.01
systematism.n.01	_derivationally_related_form	taxonomist.n.01
asia.n.01	_has_part	mongolia.n.01
mongolia.n.01	_part_of	asia.n.01
common_staghorn_fern.n.01	_hypernym	staghorn_fern.n.01
staghorn_fern.n.01	_hyponym	common_staghorn_fern.n.01
