leave.n.01	_hyponym	compassionate_leave.n.01
compassionate_leave.n.01	_hypernym	leave.n.01
throw.n.03	_hypernym	movement.n.03
movement.n.03	_hyponym	throw.n.03
sniffer.n.01	_hypernym	person.n.01
person.n.01	_hyponym	sniffer.n.01
militarize.v.01	_hypernym	change.v.01
change.v.01	_hyponym	militarize.v.01
frog.n.01	_hyponym	leptodactylid_frog.n.01
leptodactylid_frog.n.01	_hypernym	frog.n.01
nut.n.01	_hypernym	seed.n.01
seed.n.01	_hyponym	nut.n.01
mysore_thorn.n.01	_hypernym	shrub.n.01
shrub.n.01	_hyponym	mysore_thorn.n.01
fallopian_tube.n.01	_hypernym	salpinx.n.01
salpinx.n.01	_hyponym	fallopian_tube.n.01
opisthognathidae.n.01	_hypernym	fish_family.n.01
fish_family.n.01	_hyponym	opisthognathidae.n.01
cut.v.01	_hyponym	slit.v.01
slit.v.01	_hypernym	cut.v.01
still-hunt.v.01	_hypernym	hunt.v.01
hunt.v.01	_hyponym	still-hunt.v.01
utter.v.02	_hyponym	neigh.v.01
neigh.v.01	_hypernym	utter.v.02
beet.n.01	_hyponym	mangel-wurzel.n.01
mangel-wurzel.n.01	_hypernym	beet.n.01
pan.n.03	_hypernym	container.n.01
container.n.01	_hyponym	pan.n.03
inheritance.n.04	_hypernym	attribute.n.02
attribute.n.02	_hyponym	inheritance.n.04
zapus.n.01	_hypernym	mammal_genus.n.01
mammal_genus.n.01	_hyponym	zapus.n.01
apex.n.02	_hypernym	celestial_point.n.01
celestial_point.n.01	_hyponym	apex.n.02
evidence.n.03	_hypernym	information.n.01
information.n.01	_hyponym	evidence.n.03
check.n.01	_hyponym	blank_check.n.02
blank_check.n.02	_hypernym	check.n.01
sell.v.01	_hyponym	wholesale.v.01
wholesale.v.01	_hypernym	sell.v.01
chip.v.01	_hypernym	separate.v.12
separate.v.12	_hyponym	chip.v.01
mammal_genus.n.01	_hyponym	cervus.n.01
cervus.n.01	_hypernym	mammal_genus.n.01
name.n.01	_hyponym	title.n.02
title.n.02	_hypernym	name.n.01
haemoproteidae.n.01	_hypernym	protoctist_family.n.01
protoctist_family.n.01	_hyponym	haemoproteidae.n.01
stew.n.02	_hyponym	hot_pot.n.01
hot_pot.n.01	_hypernym	stew.n.02
painter.n.01	_hyponym	abstractionist.n.01
abstractionist.n.01	_hypernym	painter.n.01
tsk.v.01	_hypernym	utter.v.02
utter.v.02	_hyponym	tsk.v.01
green_adder's_mouth.n.01	_hypernym	orchid.n.01
orchid.n.01	_hyponym	green_adder's_mouth.n.01
crucifer.n.01	_hyponym	garlic_mustard.n.01
garlic_mustard.n.01	_hypernym	crucifer.n.01
psychotherapy.n.02	_hyponym	psychoanalysis.n.01
psychoanalysis.n.01	_hypernym	psychotherapy.n.02
european.n.01	_hyponym	celt.n.01
celt.n.01	_hypernym	european.n.01
colubrid_snake.n.01	_hyponym	green_snake.n.02
green_snake.n.02	_hypernym	colubrid_snake.n.01
liquor.n.01	_hyponym	arrack.n.01
arrack.n.01	_hypernym	liquor.n.01
hedge.v.03	_hypernym	enclose.v.03
enclose.v.03	_hyponym	hedge.v.03
mammal_genus.n.01	_hyponym	muscardinus.n.01
muscardinus.n.01	_hypernym	mammal_genus.n.01
point.n.02	_hyponym	military_position.n.01
military_position.n.01	_hypernym	point.n.02
weapon_of_mass_destruction.n.01	_hypernym	weapon.n.01
weapon.n.01	_hyponym	weapon_of_mass_destruction.n.01
moorhen.n.02	_hypernym	red_grouse.n.01
red_grouse.n.01	_hyponym	moorhen.n.02
hunt.v.07	_hypernym	search.v.02
search.v.02	_hyponym	hunt.v.07
spy.n.01	_hypernym	secret_agent.n.01
secret_agent.n.01	_hyponym	spy.n.01
bond.n.02	_hyponym	zero_coupon_bond.n.01
zero_coupon_bond.n.01	_hypernym	bond.n.02
mock.v.01	_hypernym	treat.v.01
treat.v.01	_hyponym	mock.v.01
greens.n.01	_hyponym	sprout.n.02
sprout.n.02	_hypernym	greens.n.01
armament.n.01	_hyponym	artillery.n.01
artillery.n.01	_hypernym	armament.n.01
enactment.n.01	_hypernym	legislation.n.02
legislation.n.02	_hyponym	enactment.n.01
body_part.n.01	_hyponym	saddle.n.06
saddle.n.06	_hypernym	body_part.n.01
knock_out.v.04	_hypernym	overwhelm.v.01
overwhelm.v.01	_hyponym	knock_out.v.04
wind.n.01	_hyponym	draft.n.02
draft.n.02	_hypernym	wind.n.01
end.v.01	_hyponym	conclude.v.04
conclude.v.04	_hypernym	end.v.01
arts_and_crafts.n.01	_hypernym	art.n.02
art.n.02	_hyponym	arts_and_crafts.n.01
wog.n.01	_hypernym	person_of_color.n.01
person_of_color.n.01	_hyponym	wog.n.01
letter.n.01	_hyponym	invitation.n.01
invitation.n.01	_hypernym	letter.n.01
brittlebush.n.01	_hypernym	wildflower.n.01
wildflower.n.01	_hyponym	brittlebush.n.01
gymnosperm_genus.n.01	_hyponym	cedrus.n.01
cedrus.n.01	_hypernym	gymnosperm_genus.n.01
clarity.n.01	_hyponym	preciseness.n.01
preciseness.n.01	_hypernym	clarity.n.01
passage.n.07	_hyponym	epicardia.n.01
epicardia.n.01	_hypernym	passage.n.07
law.n.01	_hyponym	shariah.n.01
shariah.n.01	_hypernym	law.n.01
talk.v.02	_hyponym	enthuse.v.02
enthuse.v.02	_hypernym	talk.v.02
separation.n.05	_hyponym	seclusion.n.02
seclusion.n.02	_hypernym	separation.n.05
prosecute.v.01	_hypernym	act.v.01
act.v.01	_hyponym	prosecute.v.01
social_event.n.01	_hyponym	show.n.03
show.n.03	_hypernym	social_event.n.01
ultraviolet.n.01	_hypernym	actinic_radiation.n.01
actinic_radiation.n.01	_hyponym	ultraviolet.n.01
arouse.v.01	_hyponym	interest.v.01
interest.v.01	_hypernym	arouse.v.01
nebula.n.04	_hypernym	spot.n.05
spot.n.05	_hyponym	nebula.n.04
ruler.n.01	_hyponym	sheik.n.01
sheik.n.01	_hypernym	ruler.n.01
get_down.v.07	_hyponym	plunge.v.04
plunge.v.04	_hypernym	get_down.v.07
sus.n.01	_hypernym	mammal_genus.n.01
mammal_genus.n.01	_hyponym	sus.n.01
cram.v.03	_hypernym	study.v.05
study.v.05	_hyponym	cram.v.03
fungus_genus.n.01	_hyponym	omphalotus.n.01
omphalotus.n.01	_hypernym	fungus_genus.n.01
move.v.15	_hyponym	manoeuver.v.03
manoeuver.v.03	_hypernym	move.v.15
continental_shelf.n.01	_hypernym	ocean_floor.n.01
ocean_floor.n.01	_hyponym	continental_shelf.n.01
create_from_raw_material.v.01	_hyponym	brew.v.01
brew.v.01	_hypernym	create_from_raw_material.v.01
adapt.v.01	_hyponym	domesticate.v.03
domesticate.v.03	_hypernym	adapt.v.01
laccopetalum.n.01	_hypernym	magnoliid_dicot_genus.n.01
magnoliid_dicot_genus.n.01	_hyponym	laccopetalum.n.01
pseudemys.n.01	_hypernym	reptile_genus.n.01
reptile_genus.n.01	_hyponym	pseudemys.n.01
presentation.n.02	_hyponym	exposure.n.09
exposure.n.09	_hypernym	presentation.n.02
passion_fruit.n.01	_hypernym	edible_fruit.n.01
edible_fruit.n.01	_hyponym	passion_fruit.n.01
veps.n.01	_hypernym	russian.n.01
russian.n.01	_hyponym	veps.n.01
procrastinate.v.01	_hypernym	delay.v.02
delay.v.02	_hyponym	procrastinate.v.01
point.n.06	_hyponym	end.n.02
end.n.02	_hypernym	point.n.06
tree.n.01	_hyponym	hornbeam.n.01
hornbeam.n.01	_hypernym	tree.n.01
fiber.n.03	_hypernym	cell.n.02
cell.n.02	_hyponym	fiber.n.03
dicot_genus.n.01	_hyponym	vitis.n.01
vitis.n.01	_hypernym	dicot_genus.n.01
finish.n.08	_hypernym	taste.n.01
taste.n.01	_hyponym	finish.n.08
mercantile_establishment.n.01	_hyponym	department_store.n.01
department_store.n.01	_hypernym	mercantile_establishment.n.01
asian.n.01	_hyponym	malaysian.n.01
malaysian.n.01	_hypernym	asian.n.01
mythologize.v.02	_hypernym	change.v.01
change.v.01	_hyponym	mythologize.v.02
introjection.n.01	_hypernym	internalization.n.01
internalization.n.01	_hyponym	introjection.n.01
entrance.n.03	_hyponym	registration.n.01
registration.n.01	_hypernym	entrance.n.03
grey_alder.n.01	_hypernym	alder.n.02
alder.n.02	_hyponym	grey_alder.n.01
hypothesis.n.02	_hyponym	assumption.n.02
assumption.n.02	_hypernym	hypothesis.n.02
score.v.01	_hyponym	kick.v.07
kick.v.07	_hypernym	score.v.01
play.n.01	_hypernym	dramatic_composition.n.01
dramatic_composition.n.01	_hyponym	play.n.01
scarlet_runner.n.01	_hypernym	pole_bean.n.01
pole_bean.n.01	_hyponym	scarlet_runner.n.01
cart.n.01	_hypernym	wagon.n.01
wagon.n.01	_hyponym	cart.n.01
ooh.v.01	_hypernym	exclaim.v.01
exclaim.v.01	_hyponym	ooh.v.01
internal_organ.n.01	_hyponym	stomach.n.01
stomach.n.01	_hypernym	internal_organ.n.01
rhinencephalon.n.01	_hypernym	center.n.07
center.n.07	_hyponym	rhinencephalon.n.01
dieter.n.01	_hypernym	person.n.01
person.n.01	_hyponym	dieter.n.01
vessel.n.02	_hyponym	sailing_vessel.n.01
sailing_vessel.n.01	_hypernym	vessel.n.02
rubber.n.02	_hypernym	synthetic.n.01
synthetic.n.01	_hyponym	rubber.n.02
wood.n.01	_hyponym	hazel.n.02
hazel.n.02	_hypernym	wood.n.01
exponent.n.02	_hypernym	intellectual.n.01
intellectual.n.01	_hyponym	exponent.n.02
pterostylis.n.01	_hypernym	monocot_genus.n.01
monocot_genus.n.01	_hyponym	pterostylis.n.01
andira.n.01	_hypernym	rosid_dicot_genus.n.01
rosid_dicot_genus.n.01	_hyponym	andira.n.01
flash.v.02	_hypernym	appear.v.02
appear.v.02	_hyponym	flash.v.02
philosopher.n.02	_hypernym	person.n.01
person.n.01	_hyponym	philosopher.n.02
separation.n.09	_hyponym	secession.n.03
secession.n.03	_hypernym	separation.n.09
organic_process.n.01	_hyponym	segregation.n.01
segregation.n.01	_hypernym	organic_process.n.01
respect.v.01	_hyponym	admire.v.01
admire.v.01	_hypernym	respect.v.01
buildup.n.01	_hypernym	accumulation.n.03
accumulation.n.03	_hyponym	buildup.n.01
ivy_leaguer.n.01	_hypernym	student.n.01
student.n.01	_hyponym	ivy_leaguer.n.01
shrub.n.01	_hyponym	strawberry_bush.n.01
strawberry_bush.n.01	_hypernym	shrub.n.01
write.v.01	_hyponym	script.v.01
script.v.01	_hypernym	write.v.01
cellulose_tape.n.01	_hypernym	adhesive_tape.n.01
adhesive_tape.n.01	_hyponym	cellulose_tape.n.01
traveling_wave.n.01	_hypernym	wave.n.03
wave.n.03	_hyponym	traveling_wave.n.01
electromagnetic_radiation.n.01	_hyponym	radio_wave.n.01
radio_wave.n.01	_hypernym	electromagnetic_radiation.n.01
clearing.n.01	_hypernym	tract.n.01
tract.n.01	_hyponym	clearing.n.01
hawk.n.01	_hyponym	kite.n.04
kite.n.04	_hypernym	hawk.n.01
appointee.n.01	_hyponym	placeman.n.01
placeman.n.01	_hypernym	appointee.n.01
anesthetic.n.01	_hyponym	local_anesthetic.n.01
local_anesthetic.n.01	_hypernym	anesthetic.n.01
condemnation.n.04	_hypernym	condition.n.01
condition.n.01	_hyponym	condemnation.n.04
inaction.n.01	_hyponym	arrest.n.02
arrest.n.02	_hypernym	inaction.n.01
sloucher.n.01	_hypernym	person.n.01
person.n.01	_hyponym	sloucher.n.01
sign.v.03	_hyponym	endorse.v.04
endorse.v.04	_hypernym	sign.v.03
sigh.n.01	_hypernym	utterance.n.01
utterance.n.01	_hyponym	sigh.n.01
ratite.n.01	_hyponym	ostrich.n.02
ostrich.n.02	_hypernym	ratite.n.01
amelogenesis.n.01	_hypernym	growth.n.01
growth.n.01	_hyponym	amelogenesis.n.01
reformism.n.01	_hypernym	doctrine.n.01
doctrine.n.01	_hyponym	reformism.n.01
service_club.n.01	_hypernym	club.n.02
club.n.02	_hyponym	service_club.n.01
line.n.23	_hypernym	carrier.n.05
carrier.n.05	_hyponym	line.n.23
monocot_family.n.01	_hyponym	mayacaceae.n.01
mayacaceae.n.01	_hypernym	monocot_family.n.01
body_of_water.n.01	_hyponym	shoal.n.02
shoal.n.02	_hypernym	body_of_water.n.01
antibiotic.n.01	_hyponym	chlortetracycline.n.01
chlortetracycline.n.01	_hypernym	antibiotic.n.01
brassia.n.01	_hypernym	monocot_genus.n.01
monocot_genus.n.01	_hyponym	brassia.n.01
trumpet.v.02	_hypernym	play.v.07
play.v.07	_hyponym	trumpet.v.02
supply.v.01	_hyponym	alphabetize.v.02
alphabetize.v.02	_hypernym	supply.v.01
program.n.07	_hyponym	utility_program.n.01
utility_program.n.01	_hypernym	program.n.07
adjust.v.01	_hyponym	depressurize.v.01
depressurize.v.01	_hypernym	adjust.v.01
behaviorist.n.01	_hypernym	psychologist.n.01
psychologist.n.01	_hyponym	behaviorist.n.01
nasalization.n.01	_hypernym	articulation.n.01
articulation.n.01	_hyponym	nasalization.n.01
motion.n.03	_hyponym	retraction.n.02
retraction.n.02	_hypernym	motion.n.03
pusher.n.02	_hypernym	criminal.n.01
criminal.n.01	_hyponym	pusher.n.02
decoration.n.01	_hyponym	design.n.04
design.n.04	_hypernym	decoration.n.01
priest.n.02	_hyponym	shaman.n.01
shaman.n.01	_hypernym	priest.n.02
certificate.v.01	_hypernym	award.v.01
award.v.01	_hyponym	certificate.v.01
affective_disorder.n.01	_hyponym	bipolar_disorder.n.01
bipolar_disorder.n.01	_hypernym	affective_disorder.n.01
utterance.n.01	_hyponym	sigh.n.01
sigh.n.01	_hypernym	utterance.n.01
catch.n.09	_hyponym	shoestring_catch.n.01
shoestring_catch.n.01	_hypernym	catch.n.09
remover.n.01	_hypernym	solvent.n.01
solvent.n.01	_hyponym	remover.n.01
bodily_process.n.01	_hyponym	tanning.n.01
tanning.n.01	_hypernym	bodily_process.n.01
squeezer.n.01	_hypernym	kitchen_utensil.n.01
kitchen_utensil.n.01	_hyponym	squeezer.n.01
feel.n.01	_hypernym	awareness.n.01
awareness.n.01	_hyponym	feel.n.01
oleales.n.01	_hypernym	plant_order.n.01
plant_order.n.01	_hyponym	oleales.n.01
residue.n.01	_hypernym	matter.n.03
matter.n.03	_hyponym	residue.n.01
prolixity.n.01	_hyponym	turgidity.n.01
turgidity.n.01	_hypernym	prolixity.n.01
noncommissioned_officer.n.01	_hypernym	military_officer.n.01
military_officer.n.01	_hyponym	noncommissioned_officer.n.01
body.n.02	_hyponym	panel.n.04
panel.n.04	_hypernym	body.n.02
akeridae.n.01	_hypernym	mollusk_family.n.01
mollusk_family.n.01	_hyponym	akeridae.n.01
argonauta.n.01	_hypernym	mollusk_genus.n.01
mollusk_genus.n.01	_hyponym	argonauta.n.01
sea_scallop.n.02	_hypernym	scallop.n.04
scallop.n.04	_hyponym	sea_scallop.n.02
leaf.n.02	_hyponym	page.n.01
page.n.01	_hypernym	leaf.n.02
herb.n.01	_hyponym	belladonna.n.01
belladonna.n.01	_hypernym	herb.n.01
businessman.n.01	_hypernym	businessperson.n.01
businessperson.n.01	_hyponym	businessman.n.01
hurt.v.02	_hyponym	injure.v.01
injure.v.01	_hypernym	hurt.v.02
pipe.v.03	_hypernym	play.v.07
play.v.07	_hyponym	pipe.v.03
color_property.n.01	_hyponym	hue.n.01
hue.n.01	_hypernym	color_property.n.01
covering.n.01	_hyponym	body_covering.n.01
body_covering.n.01	_hypernym	covering.n.01
mutter.n.01	_hypernym	sound.n.04
sound.n.04	_hyponym	mutter.n.01
genus_chaenactis.n.01	_hypernym	asterid_dicot_genus.n.01
asterid_dicot_genus.n.01	_hyponym	genus_chaenactis.n.01
leap.n.01	_hypernym	jump.n.06
jump.n.06	_hyponym	leap.n.01
larghetto.n.01	_hypernym	musical_composition.n.01
musical_composition.n.01	_hyponym	larghetto.n.01
dogma.n.02	_hypernym	doctrine.n.01
doctrine.n.01	_hyponym	dogma.n.02
therapsid.n.01	_hypernym	synapsid.n.01
synapsid.n.01	_hyponym	therapsid.n.01
psychogenesis.n.01	_hypernym	growth.n.01
growth.n.01	_hyponym	psychogenesis.n.01
genus_encephalartos.n.01	_hypernym	gymnosperm_genus.n.01
gymnosperm_genus.n.01	_hyponym	genus_encephalartos.n.01
asterid_dicot_genus.n.01	_hyponym	gynura.n.01
gynura.n.01	_hypernym	asterid_dicot_genus.n.01
knock.v.01	_hypernym	strike.v.01
strike.v.01	_hyponym	knock.v.01
eddy.v.01	_hypernym	run.v.06
run.v.06	_hyponym	eddy.v.01
arthropod_family.n.01	_hyponym	mantidae.n.01
mantidae.n.01	_hypernym	arthropod_family.n.01
workplace.n.01	_hyponym	job.n.03
job.n.03	_hypernym	workplace.n.01
choke.v.03	_hypernym	compress.v.02
compress.v.02	_hyponym	choke.v.03
dilleniid_dicot_genus.n.01	_hyponym	malacothamnus.n.01
malacothamnus.n.01	_hypernym	dilleniid_dicot_genus.n.01
gamble.v.02	_hyponym	bet.v.02
bet.v.02	_hypernym	gamble.v.02
straightness.n.02	_hypernym	shape.n.01
shape.n.01	_hyponym	straightness.n.02
reign.n.01	_hypernym	time_period.n.01
time_period.n.01	_hyponym	reign.n.01
guide.v.03	_hypernym	direct.v.04
direct.v.04	_hyponym	guide.v.03
hit.v.02	_hyponym	spang.v.01
spang.v.01	_hypernym	hit.v.02
flower.n.01	_hyponym	calendula.n.01
calendula.n.01	_hypernym	flower.n.01
trump.v.01	_hypernym	sound.v.02
sound.v.02	_hyponym	trump.v.01
filament.n.04	_hypernym	wire.n.02
wire.n.02	_hyponym	filament.n.04
ledum.n.01	_hypernym	dilleniid_dicot_genus.n.01
dilleniid_dicot_genus.n.01	_hyponym	ledum.n.01
put.v.01	_hyponym	bed.v.03
bed.v.03	_hypernym	put.v.01
retouch.v.01	_hypernym	color.v.01
color.v.01	_hyponym	retouch.v.01
malacostracan_crustacean.n.01	_hyponym	isopod.n.01
isopod.n.01	_hypernym	malacostracan_crustacean.n.01
middle.v.01	_hypernym	put.v.01
put.v.01	_hyponym	middle.v.01
sensualize.v.03	_hypernym	corrupt.v.01
corrupt.v.01	_hyponym	sensualize.v.03
function.n.01	_hyponym	metric_function.n.01
metric_function.n.01	_hypernym	function.n.01
control_panel.n.01	_hypernym	electrical_device.n.01
electrical_device.n.01	_hyponym	control_panel.n.01
pia.n.01	_hypernym	herb.n.01
herb.n.01	_hyponym	pia.n.01
minor_tranquilizer.n.01	_hyponym	flurazepam.n.01
flurazepam.n.01	_hypernym	minor_tranquilizer.n.01
caryophylloid_dicot_genus.n.01	_hyponym	phytolacca.n.01
phytolacca.n.01	_hypernym	caryophylloid_dicot_genus.n.01
hairlessness.n.01	_hyponym	baldness.n.01
baldness.n.01	_hypernym	hairlessness.n.01
gooseberry.n.01	_hypernym	shrub.n.01
shrub.n.01	_hyponym	gooseberry.n.01
entrant.n.03	_hypernym	traveler.n.01
traveler.n.01	_hyponym	entrant.n.03
emperor.n.01	_hyponym	holy_roman_emperor.n.01
holy_roman_emperor.n.01	_hypernym	emperor.n.01
operator.n.02	_hyponym	telephone_operator.n.01
telephone_operator.n.01	_hypernym	operator.n.02
breakdown.n.03	_hypernym	failure.n.02
failure.n.02	_hyponym	breakdown.n.03
attitudinize.v.01	_hypernym	pose.v.04
pose.v.04	_hyponym	attitudinize.v.01
line.n.05	_hyponym	verse.n.03
verse.n.03	_hypernym	line.n.05
person.n.01	_hyponym	capitalist.n.02
capitalist.n.02	_hypernym	person.n.01
worm_family.n.01	_hyponym	tylenchidae.n.01
tylenchidae.n.01	_hypernym	worm_family.n.01
character_set.n.01	_hyponym	alphanumerics.n.01
alphanumerics.n.01	_hypernym	character_set.n.01
pay.v.01	_hyponym	compensate.v.06
compensate.v.06	_hypernym	pay.v.01
award.n.02	_hyponym	letter.n.05
letter.n.05	_hypernym	award.n.02
prevent.v.02	_hyponym	defend.v.02
defend.v.02	_hypernym	prevent.v.02
moniliaceae.n.01	_hypernym	fungus_family.n.01
fungus_family.n.01	_hyponym	moniliaceae.n.01
micturition_reflex.n.01	_hypernym	reflex.n.01
reflex.n.01	_hyponym	micturition_reflex.n.01
reside.v.01	_hypernym	populate.v.01
populate.v.01	_hyponym	reside.v.01
work_unit.n.01	_hyponym	calorie.n.02
calorie.n.02	_hypernym	work_unit.n.01
plant_order.n.01	_hyponym	selaginellales.n.01
selaginellales.n.01	_hypernym	plant_order.n.01
campaign.n.02	_hyponym	fund-raising_campaign.n.01
fund-raising_campaign.n.01	_hypernym	campaign.n.02
eject.v.01	_hyponym	evict.v.01
evict.v.01	_hypernym	eject.v.01
counter.n.02	_hypernym	game_equipment.n.01
game_equipment.n.01	_hyponym	counter.n.02
stand.v.02	_hypernym	be.v.01
be.v.01	_hyponym	stand.v.02
invertebrate.n.01	_hyponym	bryozoan.n.01
bryozoan.n.01	_hypernym	invertebrate.n.01
capitalist.n.02	_hyponym	businessperson.n.01
businessperson.n.01	_hypernym	capitalist.n.02
overshadow.v.03	_hypernym	obscure.v.01
obscure.v.01	_hyponym	overshadow.v.03
partridge_pea.n.01	_hypernym	subshrub.n.01
subshrub.n.01	_hyponym	partridge_pea.n.01
dipterous_insect.n.01	_hyponym	robber_fly.n.01
robber_fly.n.01	_hypernym	dipterous_insect.n.01
hoop.n.02	_hyponym	tire.n.01
tire.n.01	_hypernym	hoop.n.02
chamber.n.01	_hyponym	furnace.n.01
furnace.n.01	_hypernym	chamber.n.01
rider.n.01	_hyponym	horseman.n.01
horseman.n.01	_hypernym	rider.n.01
populate.v.01	_hyponym	reside.v.01
reside.v.01	_hypernym	populate.v.01
stalk.n.02	_hyponym	trunk.n.01
trunk.n.01	_hypernym	stalk.n.02
pineal_gland.n.01	_hypernym	endocrine_gland.n.01
endocrine_gland.n.01	_hyponym	pineal_gland.n.01
skeletal_system.n.01	_hyponym	endoskeleton.n.01
endoskeleton.n.01	_hypernym	skeletal_system.n.01
bring.v.01	_hyponym	transit.v.04
transit.v.04	_hypernym	bring.v.01
ocean_floor.n.01	_hyponym	twilight_zone.n.01
twilight_zone.n.01	_hypernym	ocean_floor.n.01
saddle.n.01	_hypernym	seat.n.04
seat.n.04	_hyponym	saddle.n.01
describe.v.01	_hyponym	delineate.v.05
delineate.v.05	_hypernym	describe.v.01
dismantling.n.01	_hypernym	activity.n.01
activity.n.01	_hyponym	dismantling.n.01
section.n.04	_hyponym	leaf.n.03
leaf.n.03	_hypernym	section.n.04
chassis.n.03	_part_of	motor_vehicle.n.01
motor_vehicle.n.01	_has_part	chassis.n.03
kansas_city.n.02	_part_of	kansas.n.01
kansas.n.01	_has_part	kansas_city.n.02
ahuehuete.n.01	_part_of	mexico.n.01
mexico.n.01	_has_part	ahuehuete.n.01
denver.n.01	_part_of	colorado.n.01
colorado.n.01	_has_part	denver.n.01
coronoid_process.n.01	_part_of	bone.n.01
bone.n.01	_has_part	coronoid_process.n.01
british_columbia.n.01	_has_part	inland_passage.n.01
inland_passage.n.01	_part_of	british_columbia.n.01
tibet.n.01	_has_part	changtzu.n.01
changtzu.n.01	_part_of	tibet.n.01
lake_st._clair.n.01	_part_of	michigan.n.01
michigan.n.01	_has_part	lake_st._clair.n.01
melanesia.n.01	_has_part	bismarck_archipelago.n.01
bismarck_archipelago.n.01	_part_of	melanesia.n.01
school_year.n.01	_has_part	semester.n.01
semester.n.01	_part_of	school_year.n.01
niger.n.02	_part_of	africa.n.01
africa.n.01	_has_part	niger.n.02
male_reproductive_system.n.01	_has_part	male_genitalia.n.01
male_genitalia.n.01	_part_of	male_reproductive_system.n.01
eastern_hemisphere.n.01	_has_part	australia.n.02
australia.n.02	_part_of	eastern_hemisphere.n.01
new_york.n.02	_has_part	utica.n.01
utica.n.01	_part_of	new_york.n.02
alaska.n.01	_has_part	mendenhall_glacier.n.01
mendenhall_glacier.n.01	_part_of	alaska.n.01
iris.n.02	_part_of	eye.n.01
eye.n.01	_has_part	iris.n.02
yukon.n.01	_part_of	canada.n.01
canada.n.01	_has_part	yukon.n.01
psalms.n.01	_part_of	old_testament.n.01
old_testament.n.01	_has_part	psalms.n.01
garment.n.01	_has_part	sleeve.n.01
sleeve.n.01	_part_of	garment.n.01
colorado.n.01	_has_part	republican.n.03
republican.n.03	_part_of	colorado.n.01
strong_breeze.n.01	_part_of	beaufort_scale.n.01
beaufort_scale.n.01	_has_part	strong_breeze.n.01
brazil.n.01	_has_part	sao_goncalo.n.01
sao_goncalo.n.01	_part_of	brazil.n.01
salem.n.03	_part_of	india.n.01
india.n.01	_has_part	salem.n.03
mongolia.n.02	_part_of	asia.n.01
asia.n.01	_has_part	mongolia.n.02
minneapolis.n.01	_part_of	minnesota.n.01
minnesota.n.01	_has_part	minneapolis.n.01
arno.n.01	_part_of	italy.n.01
italy.n.01	_has_part	arno.n.01
nucleus.n.01	_has_part	chromatin.n.01
chromatin.n.01	_part_of	nucleus.n.01
florida.n.01	_has_part	okefenokee_swamp.n.01
okefenokee_swamp.n.01	_part_of	florida.n.01
running_board.n.01	_part_of	car.n.01
car.n.01	_has_part	running_board.n.01
adult_female_body.n.01	_has_part	breast.n.02
breast.n.02	_part_of	adult_female_body.n.01
sky.n.01	_part_of	earth.n.01
earth.n.01	_has_part	sky.n.01
electromagnetic_spectrum.n.01	_has_part	radio_frequency.n.01
radio_frequency.n.01	_part_of	electromagnetic_spectrum.n.01
larynx.n.01	_has_part	vocal_cord.n.01
vocal_cord.n.01	_part_of	larynx.n.01
japan.n.02	_has_part	toyonaki.n.01
toyonaki.n.01	_part_of	japan.n.02
world_war_ii.n.01	_has_part	guadalcanal.n.02
guadalcanal.n.02	_part_of	world_war_ii.n.01
appalachians.n.01	_has_part	great_smoky_mountains.n.01
great_smoky_mountains.n.01	_part_of	appalachians.n.01
phoenicia.n.01	_has_part	carthage.n.01
carthage.n.01	_part_of	phoenicia.n.01
duct.n.01	_has_part	ampulla.n.01
ampulla.n.01	_part_of	duct.n.01
new_brunswick.n.02	_part_of	maritime_provinces.n.01
maritime_provinces.n.01	_has_part	new_brunswick.n.02
scandinavian_country.n.01	_part_of	europe.n.01
europe.n.01	_has_part	scandinavian_country.n.01
japan.n.02	_has_part	asama.n.01
asama.n.01	_part_of	japan.n.02
chickamauga.n.01	_part_of	american_civil_war.n.01
american_civil_war.n.01	_has_part	chickamauga.n.01
file.n.04	_has_part	haft.n.01
haft.n.01	_part_of	file.n.04
toe.n.01	_part_of	foot.n.01
foot.n.01	_has_part	toe.n.01
papal_states.n.01	_part_of	italy.n.01
italy.n.01	_has_part	papal_states.n.01
salsify.n.02	_has_part	salsify.n.01
salsify.n.01	_part_of	salsify.n.02
india.n.01	_has_part	ganges.n.01
ganges.n.01	_part_of	india.n.01
magazine.n.01	_has_part	center_spread.n.01
center_spread.n.01	_part_of	magazine.n.01
point.n.08	_part_of	cone.n.02
cone.n.02	_has_part	point.n.08
access_time.n.01	_has_part	seek_time.n.01
seek_time.n.01	_part_of	access_time.n.01
atlantic.n.01	_has_part	chesapeake_bay.n.01
chesapeake_bay.n.01	_part_of	atlantic.n.01
diencephalon.n.01	_has_part	thalamus.n.01
thalamus.n.01	_part_of	diencephalon.n.01
bayonne.n.01	_part_of	new_jersey.n.01
new_jersey.n.01	_has_part	bayonne.n.01
great_britain.n.02	_part_of	british_isles.n.01
british_isles.n.01	_has_part	great_britain.n.02
english_channel.n.01	_has_part	channel_island.n.01
channel_island.n.01	_part_of	english_channel.n.01
auditory_system.n.01	_has_part	auditory_apparatus.n.01
auditory_apparatus.n.01	_part_of	auditory_system.n.01
torah.n.02	_has_part	leviticus.n.01
leviticus.n.01	_part_of	torah.n.02
silver_salmon.n.01	_part_of	coho.n.02
coho.n.02	_has_part	silver_salmon.n.01
american_civil_war.n.01	_has_part	chickamauga.n.01
chickamauga.n.01	_part_of	american_civil_war.n.01
new_jersey.n.01	_has_part	camden.n.01
camden.n.01	_part_of	new_jersey.n.01
steam_engine.n.01	_part_of	steam_locomotive.n.01
steam_locomotive.n.01	_has_part	steam_engine.n.01
abruzzi.n.01	_part_of	italy.n.01
italy.n.01	_has_part	abruzzi.n.01
brain.n.01	_has_part	forebrain.n.01
forebrain.n.01	_part_of	brain.n.01
raleigh.n.02	_part_of	north_carolina.n.01
north_carolina.n.01	_has_part	raleigh.n.02
roanoke.n.01	_part_of	virginia.n.01
virginia.n.01	_has_part	roanoke.n.01
beaumont.n.03	_part_of	texas.n.01
texas.n.01	_has_part	beaumont.n.03
kasai.n.01	_part_of	angola.n.01
angola.n.01	_has_part	kasai.n.01
electrocardiogram.n.01	_part_of	checkup.n.01
checkup.n.01	_has_part	electrocardiogram.n.01
saudi_arabia.n.01	_has_part	nejd.n.01
nejd.n.01	_part_of	saudi_arabia.n.01
new_testament.n.01	_has_part	epistle.n.02
epistle.n.02	_part_of	new_testament.n.01
oil_lamp.n.01	_has_part	wick.n.02
wick.n.02	_part_of	oil_lamp.n.01
little_wabash.n.01	_part_of	illinois.n.01
illinois.n.01	_has_part	little_wabash.n.01
cubeb.n.02	_has_part	cubeb.n.01
cubeb.n.01	_part_of	cubeb.n.02
arizona.n.01	_has_part	lake_powell.n.01
lake_powell.n.01	_part_of	arizona.n.01
united_states_air_force.n.01	_has_part	air_force_intelligence_surveillance_and_reconnaissance.n.01
air_force_intelligence_surveillance_and_reconnaissance.n.01	_part_of	united_states_air_force.n.01
new_mexico.n.01	_has_part	wheeler_peak.n.01
wheeler_peak.n.01	_part_of	new_mexico.n.01
throat.n.01	_has_part	pharyngeal_recess.n.01
pharyngeal_recess.n.01	_part_of	throat.n.01
africa.n.01	_has_part	burundi.n.01
burundi.n.01	_part_of	africa.n.01
structure.n.04	_hyponym	concha.n.01
concha.n.01	_hypernym	structure.n.04
celestial_point.n.01	_part_of	celestial_sphere.n.01
celestial_sphere.n.01	_has_part	celestial_point.n.01
paris.n.01	_has_part	orly.n.01
orly.n.01	_part_of	paris.n.01
arkansas.n.02	_part_of	arkansas.n.01
arkansas.n.01	_has_part	arkansas.n.02
aegean_island.n.01	_part_of	aegean.n.01
aegean.n.01	_has_part	aegean_island.n.01
carpathians.n.01	_has_part	transylvanian_alps.n.01
transylvanian_alps.n.01	_part_of	carpathians.n.01
sarajevo.n.01	_part_of	bosnia_and_herzegovina.n.01
bosnia_and_herzegovina.n.01	_has_part	sarajevo.n.01
yukon.n.02	_has_part	klondike.n.01
klondike.n.01	_part_of	yukon.n.02
jet.n.01	_has_part	jet_engine.n.01
jet_engine.n.01	_part_of	jet.n.01
motor_vehicle.n.01	_has_part	cooling_system.n.01
cooling_system.n.01	_part_of	motor_vehicle.n.01
urethra.n.01	_part_of	penis.n.01
penis.n.01	_has_part	urethra.n.01
faucet.n.01	_has_part	handle.n.01
handle.n.01	_part_of	faucet.n.01
somme.n.01	_part_of	world_war_ii.n.01
world_war_ii.n.01	_has_part	somme.n.01
chad.n.03	_has_part	n'djamena.n.01
n'djamena.n.01	_part_of	chad.n.03
murmansk.n.01	_part_of	russia.n.04
russia.n.04	_has_part	murmansk.n.01
crimea.n.01	_part_of	ukraine.n.01
ukraine.n.01	_has_part	crimea.n.01
netherlands.n.01	_has_part	ijssel.n.01
ijssel.n.01	_part_of	netherlands.n.01
oregon.n.01	_part_of	united_states.n.01
united_states.n.01	_has_part	oregon.n.01
leg.n.07	_part_of	trouser.n.01
trouser.n.01	_has_part	leg.n.07
car.n.01	_has_part	car_door.n.01
car_door.n.01	_part_of	car.n.01
sights.n.01	_part_of	surveying_instrument.n.01
surveying_instrument.n.01	_has_part	sights.n.01
argentina.n.01	_has_part	pampas.n.01
pampas.n.01	_part_of	argentina.n.01
syrian_desert.n.01	_part_of	arabian_desert.n.02
arabian_desert.n.02	_has_part	syrian_desert.n.01
crete.n.01	_part_of	greece.n.01
greece.n.01	_has_part	crete.n.01
chicory.n.04	_part_of	chicory.n.02
chicory.n.02	_has_part	chicory.n.04
ecuador.n.01	_has_part	andes.n.01
andes.n.01	_part_of	ecuador.n.01
food.n.02	_part_of	food.n.01
food.n.01	_has_part	food.n.02
pin.n.09	_has_part	head.n.31
head.n.31	_part_of	pin.n.09
seesaw.n.01	_part_of	playground.n.02
playground.n.02	_has_part	seesaw.n.01
wichita_falls.n.01	_part_of	texas.n.01
texas.n.01	_has_part	wichita_falls.n.01
hagia_sophia.n.01	_part_of	istanbul.n.01
istanbul.n.01	_has_part	hagia_sophia.n.01
house.n.01	_has_part	porch.n.01
porch.n.01	_part_of	house.n.01
brazil.n.01	_has_part	belo_horizonte.n.01
belo_horizonte.n.01	_part_of	brazil.n.01
california.n.01	_has_part	big_sur.n.01
big_sur.n.01	_part_of	california.n.01
contract.n.02	_part_of	bridge.n.05
bridge.n.05	_has_part	contract.n.02
ojos_del_salado.n.01	_part_of	argentina.n.01
argentina.n.01	_has_part	ojos_del_salado.n.01
playground.n.02	_has_part	seesaw.n.01
seesaw.n.01	_part_of	playground.n.02
blastula.n.01	_has_part	trophoblast.n.01
trophoblast.n.01	_part_of	blastula.n.01
halter.n.04	_part_of	dipterous_insect.n.01
dipterous_insect.n.01	_has_part	halter.n.04
layer.n.01	_part_of	laminate.n.01
laminate.n.01	_has_part	layer.n.01
prophets.n.01	_has_part	habakkuk.n.02
habakkuk.n.02	_part_of	prophets.n.01
virginia.n.01	_has_part	james.n.08
james.n.08	_part_of	virginia.n.01
tibet.n.01	_has_part	lhotse.n.01
lhotse.n.01	_part_of	tibet.n.01
massif.n.01	_part_of	range.n.04
range.n.04	_has_part	massif.n.01
iraq.n.01	_has_part	assyria.n.01
assyria.n.01	_part_of	iraq.n.01
body.n.01	_has_part	sensory_system.n.02
sensory_system.n.02	_part_of	body.n.01
georgia.n.01	_has_part	flint.n.02
flint.n.02	_part_of	georgia.n.01
jodhpurs.n.01	_part_of	habit.n.05
habit.n.05	_has_part	jodhpurs.n.01
bridge.n.05	_has_part	contract.n.02
contract.n.02	_part_of	bridge.n.05
lake_geneva.n.01	_part_of	switzerland.n.01
switzerland.n.01	_has_part	lake_geneva.n.01
temple_of_jerusalem.n.01	_part_of	jerusalem.n.01
jerusalem.n.01	_has_part	temple_of_jerusalem.n.01
gansu.n.01	_part_of	china.n.01
china.n.01	_has_part	gansu.n.01
soviet_union.n.01	_has_part	caspian.n.01
caspian.n.01	_part_of	soviet_union.n.01
smelt.n.02	_has_part	smelt.n.01
smelt.n.01	_part_of	smelt.n.02
finger.n.01	_has_part	knuckle.n.01
knuckle.n.01	_part_of	finger.n.01
female_reproductive_system.n.01	_has_part	female_genitalia.n.01
female_genitalia.n.01	_part_of	female_reproductive_system.n.01
ohio.n.01	_has_part	youngstown.n.01
youngstown.n.01	_part_of	ohio.n.01
pedestal.n.03	_part_of	column.n.07
column.n.07	_has_part	pedestal.n.03
column.n.07	_part_of	temple.n.03
temple.n.03	_has_part	column.n.07
torso.n.01	_has_part	back.n.01
back.n.01	_part_of	torso.n.01
turkey.n.02	_has_part	kurdistan.n.01
kurdistan.n.01	_part_of	turkey.n.02
washington.n.01	_has_part	lincoln_memorial.n.01
lincoln_memorial.n.01	_part_of	washington.n.01
firearm.n.01	_has_part	sights.n.01
sights.n.01	_part_of	firearm.n.01
pneumoconiosis.n.01	_has_part	fibrosis.n.01
fibrosis.n.01	_part_of	pneumoconiosis.n.01
georgia.n.03	_has_part	abkhaz.n.02
abkhaz.n.02	_part_of	georgia.n.03
word.n.01	_has_part	affix.n.01
affix.n.01	_part_of	word.n.01
africa.n.01	_has_part	somalia.n.01
somalia.n.01	_part_of	africa.n.01
stand.n.10	_part_of	stadium.n.01
stadium.n.01	_has_part	stand.n.10
pobeda_peak.n.01	_part_of	tien_shan.n.01
tien_shan.n.01	_has_part	pobeda_peak.n.01
trunk.n.01	_has_part	bark.n.01
bark.n.01	_part_of	trunk.n.01
patagonia.n.01	_part_of	chile.n.01
chile.n.01	_has_part	patagonia.n.01
norway.n.01	_has_part	lindesnes.n.01
lindesnes.n.01	_part_of	norway.n.01
adrenal_gland.n.01	_has_part	adrenal_medulla.n.01
adrenal_medulla.n.01	_part_of	adrenal_gland.n.01
handle.n.01	_part_of	saucepan.n.01
saucepan.n.01	_has_part	handle.n.01
fabric.n.01	_has_part	hem.n.01
hem.n.01	_part_of	fabric.n.01
american_ginseng.n.01	_has_part	ginseng.n.01
ginseng.n.01	_part_of	american_ginseng.n.01
new_mexico.n.01	_has_part	brazos.n.01
brazos.n.01	_part_of	new_mexico.n.01
honshu.n.01	_has_part	kobe.n.01
kobe.n.01	_part_of	honshu.n.01
air_force_space_command.n.01	_part_of	united_states_air_force.n.01
united_states_air_force.n.01	_has_part	air_force_space_command.n.01
cabinet.n.03	_part_of	locker_room.n.01
locker_room.n.01	_has_part	cabinet.n.03
africa.n.01	_has_part	rwanda.n.01
rwanda.n.01	_part_of	africa.n.01
windshield_wiper.n.01	_part_of	motor_vehicle.n.01
motor_vehicle.n.01	_has_part	windshield_wiper.n.01
tien_shan.n.01	_part_of	russia.n.04
russia.n.04	_has_part	tien_shan.n.01
biscayne_bay.n.01	_part_of	atlantic.n.01
atlantic.n.01	_has_part	biscayne_bay.n.01
computer_circuit.n.01	_part_of	computer.n.01
computer.n.01	_has_part	computer_circuit.n.01
rwanda.n.01	_part_of	east_africa.n.01
east_africa.n.01	_has_part	rwanda.n.01
baseball_diamond.n.01	_has_part	base.n.03
base.n.03	_part_of	baseball_diamond.n.01
malay_peninsula.n.01	_part_of	asia.n.01
asia.n.01	_has_part	malay_peninsula.n.01
virginia.n.01	_has_part	clinch_river.n.01
clinch_river.n.01	_part_of	virginia.n.01
metacarpal_vein.n.01	_part_of	hand.n.01
hand.n.01	_has_part	metacarpal_vein.n.01
search.v.01	_hyponym	grope.v.01
grope.v.01	_hypernym	search.v.01
mollusk_family.n.01	_hyponym	unionidae.n.01
unionidae.n.01	_hypernym	mollusk_family.n.01
mealtime.n.01	_hypernym	hour.n.02
hour.n.02	_hyponym	mealtime.n.01
temporary_injunction.n.01	_hypernym	injunction.n.02
injunction.n.02	_hyponym	temporary_injunction.n.01
relationship.n.03	_hypernym	state.n.02
state.n.02	_hyponym	relationship.n.03
upset.n.02	_hypernym	disturbance.n.05
disturbance.n.05	_hyponym	upset.n.02
class.n.07	_hyponym	echinoidea.n.01
echinoidea.n.01	_hypernym	class.n.07
alouatta.n.01	_hypernym	mammal_genus.n.01
mammal_genus.n.01	_hyponym	alouatta.n.01
valve.n.03	_hypernym	control.n.09
control.n.09	_hyponym	valve.n.03
play.v.32	_hypernym	use.v.01
use.v.01	_hyponym	play.v.32
military_action.n.01	_hyponym	electronic_warfare.n.01
electronic_warfare.n.01	_hypernym	military_action.n.01
centrism.n.01	_hypernym	political_orientation.n.01
political_orientation.n.01	_hyponym	centrism.n.01
person.n.01	_hyponym	native.n.02
native.n.02	_hypernym	person.n.01
fern_genus.n.01	_hyponym	matteuccia.n.01
matteuccia.n.01	_hypernym	fern_genus.n.01
representational_process.n.01	_hyponym	symbol.n.02
symbol.n.02	_hypernym	representational_process.n.01
antiviral.n.01	_hyponym	protease_inhibitor.n.01
protease_inhibitor.n.01	_hypernym	antiviral.n.01
contribute.v.02	_hypernym	give.v.03
give.v.03	_hyponym	contribute.v.02
lizard.n.01	_hyponym	skink.n.01
skink.n.01	_hypernym	lizard.n.01
cable_railway.n.01	_hypernym	railway.n.01
railway.n.01	_hyponym	cable_railway.n.01
monocot_family.n.01	_hyponym	cannaceae.n.01
cannaceae.n.01	_hypernym	monocot_family.n.01
machicolate.v.01	_hypernym	supply.v.01
supply.v.01	_hyponym	machicolate.v.01
illumination.n.02	_hypernym	state.n.02
state.n.02	_hyponym	illumination.n.02
criminal.n.01	_hyponym	traitor.n.01
traitor.n.01	_hypernym	criminal.n.01
fuscoboletinus.n.01	_hypernym	fungus_genus.n.01
fungus_genus.n.01	_hyponym	fuscoboletinus.n.01
pull.n.01	_hyponym	drag.n.06
drag.n.06	_hypernym	pull.n.01
honorary_degree.n.01	_hypernym	academic_degree.n.01
academic_degree.n.01	_hyponym	honorary_degree.n.01
soak.n.01	_hypernym	natural_process.n.01
natural_process.n.01	_hyponym	soak.n.01
hyalosperma.n.01	_hypernym	asterid_dicot_genus.n.01
asterid_dicot_genus.n.01	_hyponym	hyalosperma.n.01
tissue.n.02	_hypernym	paper.n.01
paper.n.01	_hyponym	tissue.n.02
variety_meat.n.01	_hypernym	meat.n.01
meat.n.01	_hyponym	variety_meat.n.01
armor_plate.n.01	_hyponym	chanfron.n.01
chanfron.n.01	_hypernym	armor_plate.n.01
theology.n.02	_hypernym	system.n.04
system.n.04	_hyponym	theology.n.02
strengthen.v.01	_hyponym	ruggedize.v.01
ruggedize.v.01	_hypernym	strengthen.v.01
calculate.v.01	_hyponym	resolve.v.06
resolve.v.06	_hypernym	calculate.v.01
dispatcher.n.02	_hyponym	yardmaster.n.01
yardmaster.n.01	_hypernym	dispatcher.n.02
limit.n.01	_hypernym	extent.n.02
extent.n.02	_hyponym	limit.n.01
liparis.n.02	_hypernym	fish_genus.n.01
fish_genus.n.01	_hyponym	liparis.n.02
calendar_month.n.01	_hyponym	jewish_calendar_month.n.01
jewish_calendar_month.n.01	_hypernym	calendar_month.n.01
process.n.06	_hyponym	photography.n.02
photography.n.02	_hypernym	process.n.06
cunt.n.02	_hypernym	female_genitalia.n.01
female_genitalia.n.01	_hyponym	cunt.n.02
dominion.n.01	_hypernym	dominance.n.02
dominance.n.02	_hyponym	dominion.n.01
sarcocephalus.n.01	_hypernym	asterid_dicot_genus.n.01
asterid_dicot_genus.n.01	_hyponym	sarcocephalus.n.01
repair.v.01	_hyponym	cobble.v.02
cobble.v.02	_hypernym	repair.v.01
bird_family.n.01	_hyponym	motacillidae.n.01
motacillidae.n.01	_hypernym	bird_family.n.01
edible_fat.n.01	_hyponym	lard.n.01
lard.n.01	_hypernym	edible_fat.n.01
rosid_dicot_genus.n.01	_hyponym	aspalathus.n.01
aspalathus.n.01	_hypernym	rosid_dicot_genus.n.01
revolution.n.02	_hypernym	group_action.n.01
group_action.n.01	_hyponym	revolution.n.02
termite.n.01	_hypernym	insect.n.01
insect.n.01	_hyponym	termite.n.01
activity.n.01	_hyponym	verbalization.n.02
verbalization.n.02	_hypernym	activity.n.01
genus_capsicum.n.01	_hypernym	asterid_dicot_genus.n.01
asterid_dicot_genus.n.01	_hyponym	genus_capsicum.n.01
council.n.03	_hyponym	jirga.n.01
jirga.n.01	_hypernym	council.n.03
chain.n.10	_hypernym	necklace.n.01
necklace.n.01	_hyponym	chain.n.10
anthyllis.n.01	_hypernym	rosid_dicot_genus.n.01
rosid_dicot_genus.n.01	_hyponym	anthyllis.n.01
pipsissewa.n.01	_hypernym	herb.n.01
herb.n.01	_hyponym	pipsissewa.n.01
contaminant.n.01	_hypernym	material.n.01
material.n.01	_hyponym	contaminant.n.01
timing.n.01	_hyponym	earliness.n.01
earliness.n.01	_hypernym	timing.n.01
surface.n.01	_hyponym	face.n.04
face.n.04	_hypernym	surface.n.01
curvet.v.01	_hypernym	jump.v.01
jump.v.01	_hyponym	curvet.v.01
wrongdoer.n.01	_hyponym	shark.n.02
shark.n.02	_hypernym	wrongdoer.n.01
mineral.n.01	_hyponym	zeolite.n.01
zeolite.n.01	_hypernym	mineral.n.01
pigeon.n.01	_hyponym	domestic_pigeon.n.01
domestic_pigeon.n.01	_hypernym	pigeon.n.01
traverse.v.01	_hyponym	crisscross.v.01
crisscross.v.01	_hypernym	traverse.v.01
ethnic_group.n.01	_hyponym	aborigine.n.02
aborigine.n.02	_hypernym	ethnic_group.n.01
taker.n.02	_hypernym	bettor.n.01
bettor.n.01	_hyponym	taker.n.02
turner.n.07	_hypernym	person.n.01
person.n.01	_hyponym	turner.n.07
redden.v.02	_hypernym	color.v.01
color.v.01	_hyponym	redden.v.02
lexical_database.n.01	_hypernym	electronic_database.n.01
electronic_database.n.01	_hyponym	lexical_database.n.01
person.n.01	_hyponym	acquaintance.n.03
acquaintance.n.03	_hypernym	person.n.01
day.n.03	_hyponym	november_5.n.01
november_5.n.01	_hypernym	day.n.03
time_period.n.01	_hyponym	week.n.03
week.n.03	_hypernym	time_period.n.01
dilleniid_dicot_genus.n.01	_hyponym	sphaeralcea.n.01
sphaeralcea.n.01	_hypernym	dilleniid_dicot_genus.n.01
necessity.n.02	_hypernym	thing.n.12
thing.n.12	_hyponym	necessity.n.02
young_mammal.n.01	_hyponym	lamb.n.01
lamb.n.01	_hypernym	young_mammal.n.01
fish_genus.n.01	_hyponym	sphyrna.n.01
sphyrna.n.01	_hypernym	fish_genus.n.01
cascara.n.01	_hypernym	bark.n.01
bark.n.01	_hyponym	cascara.n.01
shrub.n.01	_hyponym	cannabis.n.01
cannabis.n.01	_hypernym	shrub.n.01
control.v.02	_hyponym	mortify.v.02
mortify.v.02	_hypernym	control.v.02
juxtapose.v.01	_hypernym	put.v.01
put.v.01	_hyponym	juxtapose.v.01
willowherb.n.01	_hypernym	herb.n.01
herb.n.01	_hyponym	willowherb.n.01
hoof.n.01	_hypernym	animal_foot.n.01
animal_foot.n.01	_hyponym	hoof.n.01
change.v.01	_hyponym	age.v.03
age.v.03	_hypernym	change.v.01
orchid.n.01	_hyponym	butterfly_orchid.n.01
butterfly_orchid.n.01	_hypernym	orchid.n.01
temporary_state.n.01	_hyponym	fatigue.n.01
fatigue.n.01	_hypernym	temporary_state.n.01
poor_rates.n.01	_hypernym	rates.n.01
rates.n.01	_hyponym	poor_rates.n.01
protest.n.02	_hypernym	resistance.n.11
resistance.n.11	_hyponym	protest.n.02
part.n.03	_hyponym	fragment.n.01
fragment.n.01	_hypernym	part.n.03
chlorophyll.n.01	_hypernym	pigment.n.01
pigment.n.01	_hyponym	chlorophyll.n.01
radish_plant.n.01	_hypernym	crucifer.n.01
crucifer.n.01	_hyponym	radish_plant.n.01
sickle-cell_anemia.n.01	_hypernym	anemia.n.01
anemia.n.01	_hyponym	sickle-cell_anemia.n.01
endocrine_system.n.01	_hypernym	system.n.06
system.n.06	_hyponym	endocrine_system.n.01
hemp_nettle.n.01	_hypernym	herb.n.01
herb.n.01	_hyponym	hemp_nettle.n.01
eager_beaver.n.01	_hypernym	actor.n.02
actor.n.02	_hyponym	eager_beaver.n.01
european.n.01	_hyponym	monegasque.n.01
monegasque.n.01	_hypernym	european.n.01
appliance.n.02	_hyponym	dryer.n.01
dryer.n.01	_hypernym	appliance.n.02
testis.n.01	_hyponym	cobblers.n.02
cobblers.n.02	_hypernym	testis.n.01
communicator.n.01	_hyponym	negotiator.n.01
negotiator.n.01	_hypernym	communicator.n.01
limanda.n.01	_hypernym	fish_genus.n.01
fish_genus.n.01	_hyponym	limanda.n.01
monocot_genus.n.01	_hyponym	zea.n.01
zea.n.01	_hypernym	monocot_genus.n.01
publication.n.01	_hyponym	impression.n.06
impression.n.06	_hypernym	publication.n.01
arbitration.n.02	_hypernym	judgment.n.03
judgment.n.03	_hyponym	arbitration.n.02
embarrassment.n.01	_hyponym	discomfiture.n.01
discomfiture.n.01	_hypernym	embarrassment.n.01
batidaceae.n.01	_hypernym	caryophylloid_dicot_family.n.01
caryophylloid_dicot_family.n.01	_hyponym	batidaceae.n.01
derivative_instrument.n.01	_hypernym	legal_document.n.01
legal_document.n.01	_hyponym	derivative_instrument.n.01
nut_tree.n.01	_hyponym	hazelnut.n.01
hazelnut.n.01	_hypernym	nut_tree.n.01
person.n.01	_hyponym	immune.n.01
immune.n.01	_hypernym	person.n.01
malpighiaceae.n.01	_hypernym	rosid_dicot_family.n.01
rosid_dicot_family.n.01	_hyponym	malpighiaceae.n.01
housing.n.01	_hyponym	quartering.n.02
quartering.n.02	_hypernym	housing.n.01
vitamin_b2.n.01	_hypernym	b-complex_vitamin.n.01
b-complex_vitamin.n.01	_hyponym	vitamin_b2.n.01
propaganda.n.01	_hypernym	information.n.01
information.n.01	_hyponym	propaganda.n.01
behave.v.02	_hyponym	deal.v.08
deal.v.08	_hypernym	behave.v.02
beginning.n.05	_hyponym	face-off.n.02
face-off.n.02	_hypernym	beginning.n.05
goodeniaceae.n.01	_hypernym	dicot_family.n.01
dicot_family.n.01	_hyponym	goodeniaceae.n.01
lemonwood.n.01	_hypernym	wood.n.01
wood.n.01	_hyponym	lemonwood.n.01
monocot_genus.n.01	_hyponym	raffia.n.03
raffia.n.03	_hypernym	monocot_genus.n.01
beat.v.02	_hyponym	knock_cold.v.01
knock_cold.v.01	_hypernym	beat.v.02
pyrimidine.n.01	_hypernym	base.n.10
base.n.10	_hyponym	pyrimidine.n.01
elm.n.01	_hyponym	slippery_elm.n.01
slippery_elm.n.01	_hypernym	elm.n.01
insured.n.01	_hypernym	person.n.01
person.n.01	_hyponym	insured.n.01
shellfish.n.01	_hyponym	huitre.n.01
huitre.n.01	_hypernym	shellfish.n.01
wane.v.03	_hypernym	decrease.v.01
decrease.v.01	_hyponym	wane.v.03
disk_space.n.01	_hypernym	space.n.03
space.n.03	_hyponym	disk_space.n.01
flower.n.01	_hyponym	bellwort.n.01
bellwort.n.01	_hypernym	flower.n.01
bay.n.01	_hypernym	body_of_water.n.01
body_of_water.n.01	_hyponym	bay.n.01
tract.n.01	_hyponym	public_square.n.01
public_square.n.01	_hypernym	tract.n.01
condense.v.04	_hypernym	change_integrity.v.01
change_integrity.v.01	_hyponym	condense.v.04
person.n.01	_hyponym	laugher.n.01
laugher.n.01	_hypernym	person.n.01
caryophylloid_dicot_genus.n.01	_hyponym	agdestis.n.01
agdestis.n.01	_hypernym	caryophylloid_dicot_genus.n.01
game_equipment.n.01	_hyponym	man.n.10
man.n.10	_hypernym	game_equipment.n.01
clothing.n.01	_hyponym	neckpiece.n.01
neckpiece.n.01	_hypernym	clothing.n.01
law.n.03	_hypernym	concept.n.01
concept.n.01	_hyponym	law.n.03
neck.n.02	_hypernym	land.n.04
land.n.04	_hyponym	neck.n.02
lyricist.n.01	_hypernym	writer.n.01
writer.n.01	_hyponym	lyricist.n.01
dilleniid_dicot_genus.n.01	_hyponym	hypericum.n.01
hypericum.n.01	_hypernym	dilleniid_dicot_genus.n.01
amphibian.n.03	_hyponym	caecilian.n.01
caecilian.n.01	_hypernym	amphibian.n.03
asterid_dicot_genus.n.01	_hyponym	psychotria.n.01
psychotria.n.01	_hypernym	asterid_dicot_genus.n.01
distribution_law.n.01	_hypernym	law.n.04
law.n.04	_hyponym	distribution_law.n.01
loxomataceae.n.01	_hypernym	fern_family.n.01
fern_family.n.01	_hyponym	loxomataceae.n.01
fern_family.n.01	_hyponym	parkeriaceae.n.01
parkeriaceae.n.01	_hypernym	fern_family.n.01
pile.n.01	_hyponym	dunghill.n.02
dunghill.n.02	_hypernym	pile.n.01
person.n.01	_hyponym	crawler.n.02
crawler.n.02	_hypernym	person.n.01
quarrel.n.01	_hypernym	dispute.n.01
dispute.n.01	_hyponym	quarrel.n.01
grind.v.07	_hypernym	shape.v.02
shape.v.02	_hyponym	grind.v.07
google.v.01	_hypernym	research.v.02
research.v.02	_hyponym	google.v.01
spatter.v.01	_hyponym	puddle.v.07
puddle.v.07	_hypernym	spatter.v.01
greenness.n.01	_hypernym	profusion.n.01
profusion.n.01	_hyponym	greenness.n.01
coagulation_factor.n.01	_hyponym	antihemophilic_factor.n.01
antihemophilic_factor.n.01	_hypernym	coagulation_factor.n.01
schizaea.n.01	_hypernym	fern_genus.n.01
fern_genus.n.01	_hyponym	schizaea.n.01
advance.v.01	_hyponym	forge.v.04
forge.v.04	_hypernym	advance.v.01
arrangement.n.06	_hyponym	orchestration.n.02
orchestration.n.02	_hypernym	arrangement.n.06
morality.n.01	_hyponym	virtue.n.03
virtue.n.03	_hypernym	morality.n.01
adjective.n.01	_hypernym	modifier.n.01
modifier.n.01	_hyponym	adjective.n.01
supporter.n.01	_hyponym	new_dealer.n.01
new_dealer.n.01	_hypernym	supporter.n.01
erithacus.n.01	_hypernym	bird_genus.n.01
bird_genus.n.01	_hyponym	erithacus.n.01
arum.n.01	_hypernym	starch.n.01
starch.n.01	_hyponym	arum.n.01
interspersion.n.01	_hypernym	combination.n.07
combination.n.07	_hyponym	interspersion.n.01
rosid_dicot_genus.n.01	_hyponym	panax.n.01
panax.n.01	_hypernym	rosid_dicot_genus.n.01
metallic_element.n.01	_hyponym	antimony.n.01
antimony.n.01	_hypernym	metallic_element.n.01
change_of_magnitude.n.01	_hyponym	decrease.n.04
decrease.n.04	_hypernym	change_of_magnitude.n.01
forfeit.n.03	_hypernym	act.n.02
act.n.02	_hyponym	forfeit.n.03
represent.v.09	_hyponym	paint.v.03
paint.v.03	_hypernym	represent.v.09
sternotherus.n.01	_hypernym	reptile_genus.n.01
reptile_genus.n.01	_hyponym	sternotherus.n.01
penetrate.v.01	_hyponym	pierce.v.05
pierce.v.05	_hypernym	penetrate.v.01
conduct.v.02	_hypernym	perform.v.01
perform.v.01	_hyponym	conduct.v.02
analyze.v.01	_hyponym	survey.v.01
survey.v.01	_hypernym	analyze.v.01
grant.n.02	_hypernym	allotment.n.02
allotment.n.02	_hyponym	grant.n.02
mexican.n.01	_hyponym	greaser.n.01
greaser.n.01	_hypernym	mexican.n.01
tree.n.01	_hyponym	manila_tamarind.n.01
manila_tamarind.n.01	_hypernym	tree.n.01
amphibian_genus.n.01	_hyponym	rhyacotriton.n.01
rhyacotriton.n.01	_hypernym	amphibian_genus.n.01
cost.v.02	_hypernym	necessitate.v.01
necessitate.v.01	_hyponym	cost.v.02
given.n.01	_hypernym	assumption.n.02
assumption.n.02	_hyponym	given.n.01
groomsman.n.01	_hypernym	attendant.n.01
attendant.n.01	_hyponym	groomsman.n.01
xenicus.n.01	_hypernym	bird_genus.n.01
bird_genus.n.01	_hyponym	xenicus.n.01
mischief.n.01	_hypernym	misbehavior.n.01
misbehavior.n.01	_hyponym	mischief.n.01
cooking.n.01	_hyponym	cuisine.n.01
cuisine.n.01	_hypernym	cooking.n.01
paper.v.01	_hypernym	cover.v.01
cover.v.01	_hyponym	paper.v.01
creating_by_removal.n.01	_hyponym	excavation.n.01
excavation.n.01	_hypernym	creating_by_removal.n.01
myosotis.n.01	_hypernym	plant_genus.n.01
plant_genus.n.01	_hyponym	myosotis.n.01
rod.n.01	_hypernym	implement.n.01
implement.n.01	_hyponym	rod.n.01
medical_care.n.01	_hyponym	therapy.n.01
therapy.n.01	_hypernym	medical_care.n.01
genus_dracontium.n.01	_hypernym	monocot_genus.n.01
monocot_genus.n.01	_hyponym	genus_dracontium.n.01
file.v.01	_hypernym	register.v.01
register.v.01	_hyponym	file.v.01
law_enforcement_agency.n.01	_hyponym	federal_bureau_of_prisons.n.01
federal_bureau_of_prisons.n.01	_hypernym	law_enforcement_agency.n.01
squire.n.01	_hypernym	attendant.n.01
attendant.n.01	_hyponym	squire.n.01
inactiveness.n.02	_hyponym	indolence.n.01
indolence.n.01	_hypernym	inactiveness.n.02
bunt.n.01	_hypernym	hit.n.02
hit.n.02	_hyponym	bunt.n.01
drag.n.06	_hypernym	pull.n.01
pull.n.01	_hyponym	drag.n.06
fish_family.n.01	_hyponym	albulidae.n.01
albulidae.n.01	_hypernym	fish_family.n.01
chemical_reaction.n.01	_hyponym	oxidation.n.01
oxidation.n.01	_hypernym	chemical_reaction.n.01
armored_vehicle.n.01	_hyponym	armored_personnel_carrier.n.01
armored_personnel_carrier.n.01	_hypernym	armored_vehicle.n.01
adhesive_material.n.01	_hyponym	binder.n.02
binder.n.02	_hypernym	adhesive_material.n.01
radiology.n.01	_hypernym	medical_science.n.01
medical_science.n.01	_hyponym	radiology.n.01
provide.v.02	_hyponym	meet.v.04
meet.v.04	_hypernym	provide.v.02
change.n.01	_hyponym	loss_of_consciousness.n.01
loss_of_consciousness.n.01	_hypernym	change.n.01
person.n.01	_hyponym	color-blind_person.n.01
color-blind_person.n.01	_hypernym	person.n.01
workman.n.01	_hyponym	blaster.n.01
blaster.n.01	_hypernym	workman.n.01
elanus.n.01	_hypernym	bird_genus.n.01
bird_genus.n.01	_hyponym	elanus.n.01
trade.n.02	_hyponym	handicraft.n.02
handicraft.n.02	_hypernym	trade.n.02
legal_code.n.01	_hyponym	criminal_law.n.01
criminal_law.n.01	_hypernym	legal_code.n.01
repair.v.01	_hyponym	piece.v.05
piece.v.05	_hypernym	repair.v.01
structure.n.04	_hyponym	glans.n.01
glans.n.01	_hypernym	structure.n.04
hatchway.n.01	_hyponym	escape_hatch.n.01
escape_hatch.n.01	_hypernym	hatchway.n.01
sphaeralcea.n.01	_hypernym	dilleniid_dicot_genus.n.01
dilleniid_dicot_genus.n.01	_hyponym	sphaeralcea.n.01
bone.n.01	_hyponym	coccyx.n.01
coccyx.n.01	_hypernym	bone.n.01
lesquerella.n.01	_hypernym	dilleniid_dicot_genus.n.01
dilleniid_dicot_genus.n.01	_hyponym	lesquerella.n.01
kill.v.01	_hyponym	execute.v.01
execute.v.01	_hypernym	kill.v.01
geological_process.n.01	_hyponym	erosion.n.01
erosion.n.01	_hypernym	geological_process.n.01
shrub.n.01	_hyponym	indigo.n.02
indigo.n.02	_hypernym	shrub.n.01
reflex.n.01	_hyponym	plantar_reflex.n.01
plantar_reflex.n.01	_hypernym	reflex.n.01
rescue.n.01	_hyponym	reclamation.n.02
reclamation.n.02	_hypernym	rescue.n.01
hasid.n.01	_hypernym	orthodox_jew.n.01
orthodox_jew.n.01	_hyponym	hasid.n.01
defender.n.01	_hyponym	guard.n.01
guard.n.01	_hypernym	defender.n.01
psychologist.n.01	_hyponym	hypnotist.n.01
hypnotist.n.01	_hypernym	psychologist.n.01
tacca.n.01	_hypernym	liliid_monocot_genus.n.01
liliid_monocot_genus.n.01	_hyponym	tacca.n.01
relation.n.01	_hyponym	ownership.n.01
ownership.n.01	_hypernym	relation.n.01
censor.v.02	_hypernym	measure.v.04
measure.v.04	_hyponym	censor.v.02
incise.v.01	_hyponym	girdle.v.01
girdle.v.01	_hypernym	incise.v.01
straighten.v.02	_hyponym	comb.v.01
comb.v.01	_hypernym	straighten.v.02
smudge.n.02	_hypernym	blemish.n.01
blemish.n.01	_hyponym	smudge.n.02
chokecherry.n.02	_hypernym	cherry.n.02
cherry.n.02	_hyponym	chokecherry.n.02
stud.v.02	_hypernym	add.v.01
add.v.01	_hyponym	stud.v.02
web_map_service.n.01	_hypernym	program.n.07
program.n.07	_hyponym	web_map_service.n.01
self.n.02	_hypernym	person.n.01
person.n.01	_hyponym	self.n.02
dicot_genus.n.01	_hyponym	cordia.n.01
cordia.n.01	_hypernym	dicot_genus.n.01
eragrostis.n.01	_hypernym	monocot_genus.n.01
monocot_genus.n.01	_hyponym	eragrostis.n.01
agropyron.n.01	_hypernym	monocot_genus.n.01
monocot_genus.n.01	_hyponym	agropyron.n.01
stove.n.01	_hyponym	cookstove.n.01
cookstove.n.01	_hypernym	stove.n.01
herb.n.01	_hyponym	nasturtium.n.01
nasturtium.n.01	_hypernym	herb.n.01
food.n.01	_hyponym	nutriment.n.01
nutriment.n.01	_hypernym	food.n.01
body_part.n.01	_hyponym	cannon.n.05
cannon.n.05	_hypernym	body_part.n.01
pathology.n.02	_hyponym	hemochromatosis.n.01
hemochromatosis.n.01	_hypernym	pathology.n.02
mental_reservation.n.01	_hypernym	doubt.n.01
doubt.n.01	_hyponym	mental_reservation.n.01
wandering.n.01	_hypernym	travel.n.01
travel.n.01	_hyponym	wandering.n.01
marsh_plant.n.01	_hyponym	skirret.n.01
skirret.n.01	_hypernym	marsh_plant.n.01
pandanus.n.02	_hypernym	tree.n.01
tree.n.01	_hyponym	pandanus.n.02
antineoplastic.n.01	_hyponym	periwinkle_plant_derivative.n.01
periwinkle_plant_derivative.n.01	_hypernym	antineoplastic.n.01
jewel.n.02	_hypernym	person.n.01
person.n.01	_hyponym	jewel.n.02
person.n.01	_hyponym	turner.n.07
turner.n.07	_hypernym	person.n.01
clergyman.n.01	_hyponym	vicar.n.02
vicar.n.02	_hypernym	clergyman.n.01
door.n.01	_hyponym	car_door.n.01
car_door.n.01	_hypernym	door.n.01
rash.n.01	_hypernym	eruption.n.02
eruption.n.02	_hyponym	rash.n.01
attire.n.01	_hyponym	costume.n.04
costume.n.04	_hypernym	attire.n.01
housing_estate.n.01	_hypernym	development.n.06
development.n.06	_hyponym	housing_estate.n.01
motion.n.03	_hyponym	eye_movement.n.01
eye_movement.n.01	_hypernym	motion.n.03
bantu.n.01	_hyponym	luba.n.01
luba.n.01	_hypernym	bantu.n.01
horse.n.02	_hypernym	gymnastic_apparatus.n.01
gymnastic_apparatus.n.01	_hyponym	horse.n.02
laager.n.01	_hypernym	camp.n.01
camp.n.01	_hyponym	laager.n.01
temple.n.01	_hypernym	place_of_worship.n.01
place_of_worship.n.01	_hyponym	temple.n.01
defense_logistics_agency.n.01	_hypernym	agency.n.01
agency.n.01	_hyponym	defense_logistics_agency.n.01
young.n.01	_hyponym	young_bird.n.01
young_bird.n.01	_hypernym	young.n.01
fish_genus.n.01	_hyponym	orectolobus.n.01
orectolobus.n.01	_hypernym	fish_genus.n.01
color_vision.n.01	_hypernym	sight.n.03
sight.n.03	_hyponym	color_vision.n.01
quality.n.01	_hyponym	fidelity.n.02
fidelity.n.02	_hypernym	quality.n.01
shivaist.n.01	_hypernym	hindu.n.02
hindu.n.02	_hyponym	shivaist.n.01
hunting_dog.n.01	_hypernym	dog.n.01
dog.n.01	_hyponym	hunting_dog.n.01
hellebore.n.01	_hypernym	liliaceous_plant.n.01
liliaceous_plant.n.01	_hyponym	hellebore.n.01
pronounce.v.01	_hyponym	subvocalize.v.01
subvocalize.v.01	_hypernym	pronounce.v.01
frog.n.01	_hyponym	tongueless_frog.n.01
tongueless_frog.n.01	_hypernym	frog.n.01
accounting.n.02	_hypernym	system.n.04
system.n.04	_hyponym	accounting.n.02
hadrosaur.n.01	_hypernym	ornithischian.n.01
ornithischian.n.01	_hyponym	hadrosaur.n.01
leukocyte.n.01	_hyponym	lymphocyte.n.01
lymphocyte.n.01	_hypernym	leukocyte.n.01
pride.n.01	_hypernym	feeling.n.01
feeling.n.01	_hyponym	pride.n.01
impermanence.n.01	_hyponym	transience.n.01
transience.n.01	_hypernym	impermanence.n.01
dicot_genus.n.01	_hyponym	nephelium.n.01
nephelium.n.01	_hypernym	dicot_genus.n.01
taste_property.n.01	_hypernym	property.n.02
property.n.02	_hyponym	taste_property.n.01
talk.v.02	_hyponym	tone.v.01
tone.v.01	_hypernym	talk.v.02
birth_defect.n.01	_hyponym	cleft_lip.n.01
cleft_lip.n.01	_hypernym	birth_defect.n.01
rat_kangaroo.n.01	_hypernym	kangaroo.n.01
kangaroo.n.01	_hyponym	rat_kangaroo.n.01
prism.n.01	_hyponym	parallelepiped.n.01
parallelepiped.n.01	_hypernym	prism.n.01
defense_technical_information_center.n.01	_hypernym	agency.n.01
agency.n.01	_hyponym	defense_technical_information_center.n.01
pastorale.n.01	_hypernym	musical_composition.n.01
musical_composition.n.01	_hyponym	pastorale.n.01
fastener.n.02	_hyponym	knot.n.02
knot.n.02	_hypernym	fastener.n.02
computer_memory_unit.n.01	_hyponym	petabyte.n.02
petabyte.n.02	_hypernym	computer_memory_unit.n.01
sketch.v.02	_hypernym	describe.v.01
describe.v.01	_hyponym	sketch.v.02
bird_family.n.01	_hyponym	bucerotidae.n.01
bucerotidae.n.01	_hypernym	bird_family.n.01
power_company.n.01	_hypernym	utility.n.01
utility.n.01	_hyponym	power_company.n.01
science.n.01	_hyponym	social_science.n.01
social_science.n.01	_hypernym	science.n.01
cebuella.n.01	_hypernym	mammal_genus.n.01
mammal_genus.n.01	_hyponym	cebuella.n.01
major_tranquilizer.n.01	_hypernym	tranquilizer.n.01
tranquilizer.n.01	_hyponym	major_tranquilizer.n.01
joint.v.03	_hypernym	fasten.v.01
fasten.v.01	_hyponym	joint.v.03
arrange.v.01	_hyponym	organize.v.04
organize.v.04	_hypernym	arrange.v.01
inch.n.01	_hypernym	linear_unit.n.01
linear_unit.n.01	_hyponym	inch.n.01
construct.v.01	_hyponym	rebuild.v.01
rebuild.v.01	_hypernym	construct.v.01
thinking.n.01	_hyponym	excogitation.n.01
excogitation.n.01	_hypernym	thinking.n.01
thousand.n.01	_hypernym	large_integer.n.01
large_integer.n.01	_hyponym	thousand.n.01
kei_apple.n.01	_hypernym	shrub.n.01
shrub.n.01	_hyponym	kei_apple.n.01
mammal_family.n.01	_hyponym	tachyglossidae.n.01
tachyglossidae.n.01	_hypernym	mammal_family.n.01
letter.n.02	_hyponym	daleth.n.01
daleth.n.01	_hypernym	letter.n.02
zoologist.n.01	_hyponym	ornithologist.n.01
ornithologist.n.01	_hypernym	zoologist.n.01
pipeline.n.02	_hypernym	pipe.n.02
pipe.n.02	_hyponym	pipeline.n.02
anal_sphincter.n.01	_hypernym	sphincter.n.01
sphincter.n.01	_hyponym	anal_sphincter.n.01
confess.v.01	_hypernym	admit.v.01
admit.v.01	_hyponym	confess.v.01
arthropod_genus.n.01	_hyponym	apis.n.01
apis.n.01	_hypernym	arthropod_genus.n.01
infection.n.01	_hyponym	vaccinia.n.01
vaccinia.n.01	_hypernym	infection.n.01
heaven.n.02	_hypernym	imaginary_place.n.01
imaginary_place.n.01	_hyponym	heaven.n.02
august.n.01	_hypernym	gregorian_calendar_month.n.01
gregorian_calendar_month.n.01	_hyponym	august.n.01
conodonta.n.01	_hypernym	animal_order.n.01
animal_order.n.01	_hyponym	conodonta.n.01
speech.n.02	_hypernym	auditory_communication.n.01
auditory_communication.n.01	_hyponym	speech.n.02
travel.v.01	_hyponym	fly.v.01
fly.v.01	_hypernym	travel.v.01
teacher.n.01	_hyponym	dancing-master.n.01
dancing-master.n.01	_hypernym	teacher.n.01
airline.n.01	_hypernym	hose.n.03
hose.n.03	_hyponym	airline.n.01
week.n.01	_hypernym	time_period.n.01
time_period.n.01	_hyponym	week.n.01
archaist.n.01	_hypernym	person.n.01
person.n.01	_hyponym	archaist.n.01
gin.n.01	_hypernym	liquor.n.01
liquor.n.01	_hyponym	gin.n.01
change.v.01	_hyponym	tighten.v.01
tighten.v.01	_hypernym	change.v.01
monocot_genus.n.01	_hyponym	genus_bletia.n.01
genus_bletia.n.01	_hypernym	monocot_genus.n.01
juice.n.01	_hypernym	foodstuff.n.02
foodstuff.n.02	_hyponym	juice.n.01
escape.v.05	_hypernym	escape.v.01
escape.v.01	_hyponym	escape.v.05
psychological_state.n.01	_hyponym	enchantment.n.02
enchantment.n.02	_hypernym	psychological_state.n.01
feed.v.06	_hyponym	crop.v.05
crop.v.05	_hypernym	feed.v.06
sexual_intercourse.n.01	_hyponym	defloration.n.02
defloration.n.02	_hypernym	sexual_intercourse.n.01
look.v.02	_hyponym	rise.v.04
rise.v.04	_hypernym	look.v.02
champion.n.02	_hypernym	defender.n.01
defender.n.01	_hyponym	champion.n.02
deal.n.09	_hypernym	allotment.n.02
allotment.n.02	_hyponym	deal.n.09
system.n.06	_hyponym	integumentary_system.n.01
integumentary_system.n.01	_hypernym	system.n.06
plant_order.n.01	_hyponym	malvales.n.01
malvales.n.01	_hypernym	plant_order.n.01
malt.n.03	_hypernym	grain.n.02
grain.n.02	_hyponym	malt.n.03
program.n.07	_hyponym	compiler.n.02
compiler.n.02	_hypernym	program.n.07
mysidae.n.01	_hypernym	arthropod_family.n.01
arthropod_family.n.01	_hyponym	mysidae.n.01
experiment.v.01	_hypernym	investigate.v.01
investigate.v.01	_hyponym	experiment.v.01
asterid_dicot_genus.n.01	_hyponym	prenanthes.n.01
prenanthes.n.01	_hypernym	asterid_dicot_genus.n.01
repeat.v.01	_hyponym	ditto.v.01
ditto.v.01	_hypernym	repeat.v.01
moll.n.01	_hypernym	criminal.n.01
criminal.n.01	_hyponym	moll.n.01
feed.v.02	_hyponym	range.v.07
range.v.07	_hypernym	feed.v.02
arthropod_family.n.01	_hyponym	gasterophilidae.n.01
gasterophilidae.n.01	_hypernym	arthropod_family.n.01
uphill.n.01	_hypernym	ascent.n.01
ascent.n.01	_hyponym	uphill.n.01
naturalize.v.01	_hypernym	change.v.01
change.v.01	_hyponym	naturalize.v.01
lighter.n.02	_hyponym	fuse.n.02
fuse.n.02	_hypernym	lighter.n.02
petit_larceny.n.01	_hypernym	larceny.n.01
larceny.n.01	_hyponym	petit_larceny.n.01
launching.n.03	_hypernym	propulsion.n.02
propulsion.n.02	_hyponym	launching.n.03
killing.n.02	_hyponym	homicide.n.01
homicide.n.01	_hypernym	killing.n.02
possession.n.02	_hyponym	assets.n.01
assets.n.01	_hypernym	possession.n.02
crossing.n.05	_hyponym	pedestrian_crossing.n.01
pedestrian_crossing.n.01	_hypernym	crossing.n.05
maximize.v.01	_hypernym	increase.v.02
increase.v.02	_hyponym	maximize.v.01
solanopteris.n.01	_hypernym	fern_genus.n.01
fern_genus.n.01	_hyponym	solanopteris.n.01
transfer.v.05	_hyponym	distribute.v.03
distribute.v.03	_hypernym	transfer.v.05
mammal_family.n.01	_hyponym	hyaenidae.n.01
hyaenidae.n.01	_hypernym	mammal_family.n.01
scentless_camomile.n.01	_hypernym	herb.n.01
herb.n.01	_hyponym	scentless_camomile.n.01
enemy.n.02	_hyponym	besieger.n.01
besieger.n.01	_hypernym	enemy.n.02
basin.n.01	_hyponym	washbasin.n.02
washbasin.n.02	_hypernym	basin.n.01
reflex.n.01	_hyponym	startle.n.01
startle.n.01	_hypernym	reflex.n.01
voicelessness.n.03	_hypernym	powerlessness.n.01
powerlessness.n.01	_hyponym	voicelessness.n.03
softening.n.01	_hypernym	natural_process.n.01
natural_process.n.01	_hyponym	softening.n.01
suggestion.n.02	_hypernym	proposal.n.01
proposal.n.01	_hyponym	suggestion.n.02
yodel.v.01	_hypernym	sing.v.02
sing.v.02	_hyponym	yodel.v.01
maillot.n.01	_hypernym	swimsuit.n.01
swimsuit.n.01	_hyponym	maillot.n.01
asterid_dicot_genus.n.01	_hyponym	nicandra.n.01
nicandra.n.01	_hypernym	asterid_dicot_genus.n.01
pull.v.01	_hyponym	adduct.v.01
adduct.v.01	_hypernym	pull.v.01
adjust.v.03	_hyponym	assimilate.v.02
assimilate.v.02	_hypernym	adjust.v.03
plastic_surgery.n.01	_hyponym	lipectomy.n.01
lipectomy.n.01	_hypernym	plastic_surgery.n.01
have.v.02	_hyponym	imply.v.05
imply.v.05	_hypernym	have.v.02
playing_card.n.01	_hyponym	suit.n.06
suit.n.06	_hypernym	playing_card.n.01
chateura.n.01	_hypernym	bird_genus.n.01
bird_genus.n.01	_hyponym	chateura.n.01
chemical.n.01	_hyponym	compound.n.02
compound.n.02	_hypernym	chemical.n.01
holiday.n.02	_hyponym	remembrance_day.n.01
remembrance_day.n.01	_hypernym	holiday.n.02
election.n.01	_hypernym	vote.n.02
vote.n.02	_hyponym	election.n.01
duct.n.01	_hyponym	pore.n.02
pore.n.02	_hypernym	duct.n.01
gymnosperm_family.n.01	_hyponym	bennettitaceae.n.01
bennettitaceae.n.01	_hypernym	gymnosperm_family.n.01
richmondena.n.01	_hypernym	bird_genus.n.01
bird_genus.n.01	_hyponym	richmondena.n.01
scolytidae.n.01	_hypernym	arthropod_family.n.01
arthropod_family.n.01	_hyponym	scolytidae.n.01
stabilization.n.02	_hypernym	improvement.n.02
improvement.n.02	_hyponym	stabilization.n.02
hydrozoan.n.01	_hypernym	coelenterate.n.01
coelenterate.n.01	_hyponym	hydrozoan.n.01
carrier.n.05	_hyponym	line.n.23
line.n.23	_hypernym	carrier.n.05
sipuncula.n.01	_hypernym	phylum.n.02
phylum.n.02	_hyponym	sipuncula.n.01
thermogravimetry.n.01	_hypernym	measurement.n.01
measurement.n.01	_hyponym	thermogravimetry.n.01
register.v.01	_hyponym	patent.v.02
patent.v.02	_hypernym	register.v.01
magnoliid_dicot_family.n.01	_hyponym	nymphaeaceae.n.01
nymphaeaceae.n.01	_hypernym	magnoliid_dicot_family.n.01
presume.v.04	_hypernym	act.v.02
act.v.02	_hyponym	presume.v.04
harpullia.n.01	_hypernym	tulipwood_tree.n.01
tulipwood_tree.n.01	_hyponym	harpullia.n.01
spiciness.n.01	_hyponym	nip.n.05
nip.n.05	_hypernym	spiciness.n.01
mineral.n.01	_hyponym	gibbsite.n.01
gibbsite.n.01	_hypernym	mineral.n.01
move.v.03	_hyponym	jolt.v.01
jolt.v.01	_hypernym	move.v.03
cringle.n.01	_hypernym	fastener.n.02
fastener.n.02	_hyponym	cringle.n.01
farmerette.n.01	_hypernym	farmhand.n.01
farmhand.n.01	_hyponym	farmerette.n.01
emblem.n.01	_hyponym	cross.n.03
cross.n.03	_hypernym	emblem.n.01
rosid_dicot_genus.n.01	_hyponym	ormosia.n.01
ormosia.n.01	_hypernym	rosid_dicot_genus.n.01
hazardia.n.01	_hypernym	asterid_dicot_genus.n.01
asterid_dicot_genus.n.01	_hyponym	hazardia.n.01
bad_weather.n.01	_hyponym	storminess.n.01
storminess.n.01	_hypernym	bad_weather.n.01
righteye_flounder.n.01	_hyponym	plaice.n.02
plaice.n.02	_hypernym	righteye_flounder.n.01
logwood.n.01	_hypernym	wood.n.01
wood.n.01	_hyponym	logwood.n.01
concept.n.01	_hyponym	category.n.02
category.n.02	_hypernym	concept.n.01
genus_ichthyostega.n.01	_hypernym	amphibian_genus.n.01
amphibian_genus.n.01	_hyponym	genus_ichthyostega.n.01
transfer.n.06	_hyponym	conveyance.n.04
conveyance.n.04	_hypernym	transfer.n.06
person.n.01	_hyponym	bather.n.02
bather.n.02	_hypernym	person.n.01
alocasia.n.01	_hypernym	arum.n.02
arum.n.02	_hyponym	alocasia.n.01
self-propelled_vehicle.n.01	_hyponym	tracked_vehicle.n.01
tracked_vehicle.n.01	_hypernym	self-propelled_vehicle.n.01
unwrap.v.02	_hyponym	leak.v.01
leak.v.01	_hypernym	unwrap.v.02
put.v.01	_hyponym	ensconce.v.01
ensconce.v.01	_hypernym	put.v.01
dilleniid_dicot_family.n.01	_hyponym	fumariaceae.n.01
fumariaceae.n.01	_hypernym	dilleniid_dicot_family.n.01
match.v.05	_hypernym	adjust.v.01
adjust.v.01	_hyponym	match.v.05
animal.n.01	_hyponym	metazoan.n.01
metazoan.n.01	_hypernym	animal.n.01
keyboard_instrument.n.01	_hyponym	accordion.n.01
accordion.n.01	_hypernym	keyboard_instrument.n.01
amulet.n.01	_hypernym	charm.n.03
charm.n.03	_hyponym	amulet.n.01
crocodilian_reptile.n.01	_hyponym	alligator.n.02
alligator.n.02	_hypernym	crocodilian_reptile.n.01
soricidae.n.01	_hypernym	mammal_family.n.01
mammal_family.n.01	_hyponym	soricidae.n.01
athrotaxis.n.01	_hypernym	gymnosperm_genus.n.01
gymnosperm_genus.n.01	_hyponym	athrotaxis.n.01
admit.v.03	_hypernym	permit.v.01
permit.v.01	_hyponym	admit.v.03
belamcanda.n.01	_hypernym	liliid_monocot_genus.n.01
liliid_monocot_genus.n.01	_hyponym	belamcanda.n.01
musical_composition.n.01	_hyponym	septet.n.05
septet.n.05	_hypernym	musical_composition.n.01
belief.n.01	_hyponym	doctrine.n.01
doctrine.n.01	_hypernym	belief.n.01
adduce.v.01	_hypernym	testify.v.02
testify.v.02	_hyponym	adduce.v.01
fern.n.01	_hyponym	aquatic_fern.n.01
aquatic_fern.n.01	_hypernym	fern.n.01
free_house.n.01	_hypernym	public_house.n.01
public_house.n.01	_hyponym	free_house.n.01
structure.n.04	_hyponym	filament.n.03
filament.n.03	_hypernym	structure.n.04
mar.v.01	_hyponym	deface.v.01
deface.v.01	_hypernym	mar.v.01
government.n.02	_hyponym	misgovernment.n.01
misgovernment.n.01	_hypernym	government.n.02
message.n.01	_hyponym	broadcast.n.01
broadcast.n.01	_hypernym	message.n.01
scrub_pine.n.01	_hypernym	pine.n.01
pine.n.01	_hyponym	scrub_pine.n.01
affect.v.01	_hyponym	tinge.v.01
tinge.v.01	_hypernym	affect.v.01
yellowfin_croaker.n.01	_hypernym	croaker.n.02
croaker.n.02	_hyponym	yellowfin_croaker.n.01
olfactory_property.n.01	_hyponym	malodorousness.n.01
malodorousness.n.01	_hypernym	olfactory_property.n.01
cattail.n.01	_hypernym	marsh_plant.n.01
marsh_plant.n.01	_hyponym	cattail.n.01
injector.n.01	_hypernym	appliance.n.01
appliance.n.01	_hyponym	injector.n.01
indomethacin.n.01	_hypernym	nonsteroidal_anti-inflammatory.n.01
nonsteroidal_anti-inflammatory.n.01	_hyponym	indomethacin.n.01
eschrichtiidae.n.01	_hypernym	mammal_family.n.01
mammal_family.n.01	_hyponym	eschrichtiidae.n.01
caraway.n.01	_hypernym	herb.n.01
herb.n.01	_hyponym	caraway.n.01
soft_spot.n.02	_hypernym	affection.n.01
affection.n.01	_hyponym	soft_spot.n.02
diphylla.n.01	_hypernym	mammal_genus.n.01
mammal_genus.n.01	_hyponym	diphylla.n.01
delphinapterus.n.01	_hypernym	mammal_genus.n.01
mammal_genus.n.01	_hyponym	delphinapterus.n.01
seabird.n.01	_hyponym	pelecaniform_seabird.n.01
pelecaniform_seabird.n.01	_hypernym	seabird.n.01
compartment.n.02	_hyponym	luggage_compartment.n.01
luggage_compartment.n.01	_hypernym	compartment.n.02
perpetration.n.01	_hypernym	crime.n.01
crime.n.01	_hyponym	perpetration.n.01
manipulate.v.05	_hypernym	interact.v.01
interact.v.01	_hyponym	manipulate.v.05
arthropod_genus.n.01	_hyponym	scolytus.n.01
scolytus.n.01	_hypernym	arthropod_genus.n.01
mounting.n.02	_hypernym	framework.n.03
framework.n.03	_hyponym	mounting.n.02
restrict.v.03	_hyponym	gate.v.03
gate.v.03	_hypernym	restrict.v.03
cat's-ear.n.02	_hypernym	weed.n.01
weed.n.01	_hyponym	cat's-ear.n.02
dicot_genus.n.01	_hyponym	grias.n.01
grias.n.01	_hypernym	dicot_genus.n.01
dilleniid_dicot_genus.n.01	_hyponym	genus_malope.n.01
genus_malope.n.01	_hypernym	dilleniid_dicot_genus.n.01
oleaster.n.01	_hypernym	shrub.n.01
shrub.n.01	_hyponym	oleaster.n.01
bird_family.n.01	_hyponym	pteroclididae.n.01
pteroclididae.n.01	_hypernym	bird_family.n.01
root.n.01	_hyponym	hottentot_bread.n.01
hottentot_bread.n.01	_hypernym	root.n.01
thud.v.01	_hypernym	sound.v.02
sound.v.02	_hyponym	thud.v.01
coronary_artery.n.01	_hypernym	artery.n.01
artery.n.01	_hyponym	coronary_artery.n.01
organ.n.01	_hypernym	body_part.n.01
body_part.n.01	_hyponym	organ.n.01
color_of_law.n.01	_hypernym	semblance.n.01
semblance.n.01	_hyponym	color_of_law.n.01
signature.n.03	_hypernym	tune.n.01
tune.n.01	_hyponym	signature.n.03
anthropoidea.n.01	_hypernym	animal_order.n.01
animal_order.n.01	_hyponym	anthropoidea.n.01
animal_order.n.01	_hyponym	theropoda.n.01
theropoda.n.01	_hypernym	animal_order.n.01
monocot_genus.n.01	_hyponym	wolffia.n.01
wolffia.n.01	_hypernym	monocot_genus.n.01
retreat.n.03	_hypernym	signal.n.01
signal.n.01	_hyponym	retreat.n.03
be.v.01	_hyponym	deserve.v.01
deserve.v.01	_hypernym	be.v.01
kangaroo.n.01	_hypernym	marsupial.n.01
marsupial.n.01	_hyponym	kangaroo.n.01
ore.n.01	_hypernym	mineral.n.01
mineral.n.01	_hyponym	ore.n.01
written_record.n.01	_hyponym	translation.n.01
translation.n.01	_hypernym	written_record.n.01
trickery.n.02	_hyponym	jugglery.n.01
jugglery.n.01	_hypernym	trickery.n.02
ern.n.01	_hypernym	sea_eagle.n.02
sea_eagle.n.02	_hyponym	ern.n.01
doctrine.n.01	_hyponym	functionalism.n.02
functionalism.n.02	_hypernym	doctrine.n.01
agnate.n.01	_hypernym	relative.n.01
relative.n.01	_hyponym	agnate.n.01
benefactor.n.01	_hyponym	patron.n.03
patron.n.03	_hypernym	benefactor.n.01
peramelidae.n.01	_hypernym	mammal_family.n.01
mammal_family.n.01	_hyponym	peramelidae.n.01
arthropod_family.n.01	_hyponym	notonectidae.n.01
notonectidae.n.01	_hypernym	arthropod_family.n.01
day.n.03	_hyponym	holiday.n.02
holiday.n.02	_hypernym	day.n.03
epidemic_disease.n.01	_hypernym	infectious_disease.n.01
infectious_disease.n.01	_hyponym	epidemic_disease.n.01
operation.n.05	_hyponym	mission.n.02
mission.n.02	_hypernym	operation.n.05
action.n.02	_hyponym	operation.n.01
operation.n.01	_hypernym	action.n.02
conflict.n.01	_hyponym	war.n.03
war.n.03	_hypernym	conflict.n.01
daubentoniidae.n.01	_hypernym	mammal_family.n.01
mammal_family.n.01	_hyponym	daubentoniidae.n.01
movie.n.01	_hyponym	talking_picture.n.01
talking_picture.n.01	_hypernym	movie.n.01
modern_dance.n.01	_hypernym	stage_dancing.n.01
stage_dancing.n.01	_hyponym	modern_dance.n.01
road_map.n.01	_hypernym	plan.n.01
plan.n.01	_hyponym	road_map.n.01
bear.v.05	_hypernym	make.v.03
make.v.03	_hyponym	bear.v.05
fish_genus.n.01	_hyponym	sciaenops.n.01
sciaenops.n.01	_hypernym	fish_genus.n.01
albulidae.n.01	_hypernym	fish_family.n.01
fish_family.n.01	_hyponym	albulidae.n.01
shrub.n.01	_hyponym	jujube.n.01
jujube.n.01	_hypernym	shrub.n.01
sacred_text.n.01	_hyponym	mantra.n.02
mantra.n.02	_hypernym	sacred_text.n.01
columbiform_bird.n.01	_hyponym	pigeon.n.01
pigeon.n.01	_hypernym	columbiform_bird.n.01
genus_maranta.n.01	_hypernym	monocot_genus.n.01
monocot_genus.n.01	_hyponym	genus_maranta.n.01
tenner.n.02	_hypernym	bill.n.03
bill.n.03	_hyponym	tenner.n.02
caper_spurge.n.01	_hypernym	spurge.n.01
spurge.n.01	_hyponym	caper_spurge.n.01
rosid_dicot_genus.n.01	_hyponym	meryta.n.01
meryta.n.01	_hypernym	rosid_dicot_genus.n.01
mammal_genus.n.01	_hyponym	neurotrichus.n.01
neurotrichus.n.01	_hypernym	mammal_genus.n.01
enter.v.01	_hyponym	penetrate.v.01
penetrate.v.01	_hypernym	enter.v.01
discharge.n.09	_hypernym	shooting.n.01
shooting.n.01	_hyponym	discharge.n.09
mammal_genus.n.01	_hyponym	viverra.n.01
viverra.n.01	_hypernym	mammal_genus.n.01
occupy.v.02	_hypernym	populate.v.01
populate.v.01	_hyponym	occupy.v.02
tube.v.01	_hypernym	supply.v.01
supply.v.01	_hyponym	tube.v.01
attendant.n.01	_hyponym	bridesmaid.n.01
bridesmaid.n.01	_hypernym	attendant.n.01
cimicifuga.n.01	_hypernym	magnoliid_dicot_genus.n.01
magnoliid_dicot_genus.n.01	_hyponym	cimicifuga.n.01
roar.v.01	_hypernym	make_noise.v.01
make_noise.v.01	_hyponym	roar.v.01
pit.n.02	_hyponym	pit_of_the_stomach.n.01
pit_of_the_stomach.n.01	_hypernym	pit.n.02
capros.n.01	_hypernym	fish_genus.n.01
fish_genus.n.01	_hyponym	capros.n.01
slight.v.01	_hypernym	dismiss.v.01
dismiss.v.01	_hyponym	slight.v.01
longueur.n.01	_hypernym	duration.n.01
duration.n.01	_hyponym	longueur.n.01
recalculate.v.01	_hypernym	calculate.v.01
calculate.v.01	_hyponym	recalculate.v.01
clergyman.n.01	_hyponym	acolyte.n.01
acolyte.n.01	_hypernym	clergyman.n.01
autumn_crocus.n.01	_hypernym	bulbous_plant.n.01
bulbous_plant.n.01	_hyponym	autumn_crocus.n.01
ailment.n.01	_hypernym	disorder.n.01
disorder.n.01	_hyponym	ailment.n.01
union.n.11	_hyponym	coalescence.n.01
coalescence.n.01	_hypernym	union.n.11
bur.v.01	_hypernym	remove.v.01
remove.v.01	_hyponym	bur.v.01
roughness.n.01	_hypernym	texture.n.01
texture.n.01	_hyponym	roughness.n.01
african.n.01	_hyponym	ghanian.n.01
ghanian.n.01	_hypernym	african.n.01
lamp.n.01	_hypernym	source_of_illumination.n.01
source_of_illumination.n.01	_hyponym	lamp.n.01
know-how.n.01	_hypernym	ability.n.02
ability.n.02	_hyponym	know-how.n.01
face_recognition.n.01	_hypernym	biometric_identification.n.01
biometric_identification.n.01	_hyponym	face_recognition.n.01
remount.v.01	_hypernym	hop_on.v.01
hop_on.v.01	_hyponym	remount.v.01
young_mammal.n.01	_hyponym	piglet.n.01
piglet.n.01	_hypernym	young_mammal.n.01
break_in.v.01	_hypernym	trespass.v.01
trespass.v.01	_hyponym	break_in.v.01
fabric.n.01	_hyponym	crepe.n.03
crepe.n.03	_hypernym	fabric.n.01
gestation.n.03	_hypernym	construction.n.03
construction.n.03	_hyponym	gestation.n.03
indicator.n.03	_hyponym	annunciator.n.01
annunciator.n.01	_hypernym	indicator.n.03
hoot.n.01	_hypernym	cry.n.01
cry.n.01	_hyponym	hoot.n.01
nonsteroidal_anti-inflammatory.n.01	_hyponym	nabumetone.n.01
nabumetone.n.01	_hypernym	nonsteroidal_anti-inflammatory.n.01
decorate.v.01	_hyponym	illuminate.v.03
illuminate.v.03	_hypernym	decorate.v.01
scientific_instrument.n.01	_hypernym	instrument.n.01
instrument.n.01	_hyponym	scientific_instrument.n.01
careen.v.02	_hypernym	move.v.03
move.v.03	_hyponym	careen.v.02
deterrence.n.03	_hypernym	hindrance.n.03
hindrance.n.03	_hyponym	deterrence.n.03
warship.n.01	_hyponym	submersible.n.02
submersible.n.02	_hypernym	warship.n.01
shrub.n.01	_hyponym	honeyflower.n.01
honeyflower.n.01	_hypernym	shrub.n.01
antineoplastic.n.01	_hyponym	antimetabolite.n.01
antimetabolite.n.01	_hypernym	antineoplastic.n.01
plant_genus.n.01	_hyponym	sequoiadendron.n.01
sequoiadendron.n.01	_hypernym	plant_genus.n.01
fiber.n.01	_hyponym	fibril.n.01
fibril.n.01	_hypernym	fiber.n.01
show.n.03	_hypernym	social_event.n.01
social_event.n.01	_hyponym	show.n.03
person.n.01	_hyponym	kink.n.03
kink.n.03	_hypernym	person.n.01
talking_picture.n.01	_hypernym	movie.n.01
movie.n.01	_hyponym	talking_picture.n.01
animal_order.n.01	_hyponym	osteostraci.n.01
osteostraci.n.01	_hypernym	animal_order.n.01
hippobosca.n.01	_hypernym	arthropod_genus.n.01
arthropod_genus.n.01	_hyponym	hippobosca.n.01
appear.v.02	_hyponym	emerge.v.01
emerge.v.01	_hypernym	appear.v.02
chromatic_color.n.01	_hyponym	red.n.01
red.n.01	_hypernym	chromatic_color.n.01
saururaceae.n.01	_hypernym	dicot_family.n.01
dicot_family.n.01	_hyponym	saururaceae.n.01
rumble.v.01	_hypernym	sound.v.02
sound.v.02	_hyponym	rumble.v.01
impersonation.n.03	_hypernym	acting.n.01
acting.n.01	_hyponym	impersonation.n.03
blocker.n.02	_hypernym	medicine.n.02
medicine.n.02	_hyponym	blocker.n.02
urinary_bladder.n.01	_hypernym	bladder.n.01
bladder.n.01	_hyponym	urinary_bladder.n.01
move.v.03	_hyponym	pulsate.v.02
pulsate.v.02	_hypernym	move.v.03
harbor.v.02	_hypernym	shelter.v.01
shelter.v.01	_hyponym	harbor.v.02
change.n.01	_hyponym	twinkle.n.01
twinkle.n.01	_hypernym	change.n.01
flower.n.01	_hyponym	calla_lily.n.01
calla_lily.n.01	_hypernym	flower.n.01
formation.n.01	_hyponym	center.n.08
center.n.08	_hypernym	formation.n.01
nub.n.01	_hypernym	bulge.n.01
bulge.n.01	_hyponym	nub.n.01
spheniscidae.n.01	_hypernym	bird_family.n.01
bird_family.n.01	_hyponym	spheniscidae.n.01
bread.n.01	_hyponym	challah.n.01
challah.n.01	_hypernym	bread.n.01
cycladic_civilization.n.01	_hypernym	aegean_civilization.n.01
aegean_civilization.n.01	_hyponym	cycladic_civilization.n.01
class.n.03	_hyponym	brotherhood.n.02
brotherhood.n.02	_hypernym	class.n.03
great_ape.n.01	_hypernym	anthropoid_ape.n.01
anthropoid_ape.n.01	_hyponym	great_ape.n.01
representation.n.02	_hyponym	photograph.n.01
photograph.n.01	_hypernym	representation.n.02
analyze.v.04	_hypernym	treat.v.03
treat.v.03	_hyponym	analyze.v.04
criminal.n.01	_hyponym	smuggler.n.01
smuggler.n.01	_hypernym	criminal.n.01
perceiver.n.01	_hyponym	seer.n.02
seer.n.02	_hypernym	perceiver.n.01
transgress.v.01	_hyponym	drop_the_ball.v.01
drop_the_ball.v.01	_hypernym	transgress.v.01
endogamy.n.01	_hypernym	marriage.n.01
marriage.n.01	_hyponym	endogamy.n.01
groundnut.n.01	_hypernym	vine.n.01
vine.n.01	_hyponym	groundnut.n.01
venous_sinus.n.01	_hypernym	duct.n.01
duct.n.01	_hyponym	venous_sinus.n.01
unwelcome_person.n.01	_hypernym	person.n.01
person.n.01	_hyponym	unwelcome_person.n.01
communication_system.n.02	_hyponym	fiber-optic_transmission_system.n.01
fiber-optic_transmission_system.n.01	_hypernym	communication_system.n.02
neomycin.n.01	_hypernym	antibiotic.n.01
antibiotic.n.01	_hyponym	neomycin.n.01
extent.n.01	_hypernym	degree.n.02
degree.n.02	_hyponym	extent.n.01
condition.n.01	_hyponym	submission.n.03
submission.n.03	_hypernym	condition.n.01
inquisitor.n.01	_hypernym	inquirer.n.01
inquirer.n.01	_hyponym	inquisitor.n.01
cathode.n.01	_hypernym	electrode.n.01
electrode.n.01	_hyponym	cathode.n.01
change.v.01	_hyponym	militarize.v.02
militarize.v.02	_hypernym	change.v.01
quechua.n.03	_hypernym	amerind.n.01
amerind.n.01	_hyponym	quechua.n.03
weathervane.n.01	_hypernym	mechanical_device.n.01
mechanical_device.n.01	_hyponym	weathervane.n.01
out-and-outer.n.01	_hypernym	expert.n.01
expert.n.01	_hyponym	out-and-outer.n.01
property.n.01	_hyponym	trust.n.01
trust.n.01	_hypernym	property.n.01
bird_genus.n.01	_hyponym	campylorhynchus.n.01
campylorhynchus.n.01	_hypernym	bird_genus.n.01
fortune.n.04	_hyponym	misfortune.n.02
misfortune.n.02	_hypernym	fortune.n.04
field.n.01	_hypernym	tract.n.01
tract.n.01	_hyponym	field.n.01
wound.n.01	_hyponym	abrasion.n.01
abrasion.n.01	_hypernym	wound.n.01
decorate.v.01	_hyponym	festoon.v.01
festoon.v.01	_hypernym	decorate.v.01
