leave.v.01	_hyponym	depart.v.03
depart.v.03	_hypernym	leave.v.01
elops.n.01	_hypernym	fish_genus.n.01
fish_genus.n.01	_hyponym	elops.n.01
arthropod_genus.n.01	_hyponym	paralithodes.n.01
paralithodes.n.01	_hypernym	arthropod_genus.n.01
depart.v.03	_hypernym	leave.v.01
leave.v.01	_hyponym	depart.v.03
fish_genus.n.01	_hyponym	elops.n.01
elops.n.01	_hypernym	fish_genus.n.01
paralithodes.n.01	_hypernym	arthropod_genus.n.01
arthropod_genus.n.01	_hyponym	paralithodes.n.01
redcap.n.01	_synset_domain_region_of	united_kingdom.n.01
united_kingdom.n.01	_member_of_domain_region	redcap.n.01
united_kingdom.n.01	_member_of_domain_region	redcap.n.01
redcap.n.01	_synset_domain_region_of	united_kingdom.n.01
united_kingdom.n.01	_member_of_domain_region	fairy_light.n.01
fairy_light.n.01	_synset_domain_region_of	united_kingdom.n.01
fairy_light.n.01	_synset_domain_region_of	united_kingdom.n.01
united_kingdom.n.01	_member_of_domain_region	fairy_light.n.01
leave.v.01	_hyponym	depart.v.03
depart.v.03	_hypernym	leave.v.01
elops.n.01	_hypernym	fish_genus.n.01
fish_genus.n.01	_hyponym	elops.n.01
arthropod_genus.n.01	_hyponym	paralithodes.n.01
paralithodes.n.01	_hypernym	arthropod_genus.n.01
depart.v.03	_hypernym	leave.v.01
leave.v.01	_hyponym	depart.v.03
fish_genus.n.01	_hyponym	elops.n.01
elops.n.01	_hypernym	fish_genus.n.01
paralithodes.n.01	_hypernym	arthropod_genus.n.01
arthropod_genus.n.01	_hyponym	paralithodes.n.01
redcap.n.01	_synset_domain_region_of	united_kingdom.n.01
united_kingdom.n.01	_member_of_domain_region	redcap.n.01
united_kingdom.n.01	_member_of_domain_region	redcap.n.01
redcap.n.01	_synset_domain_region_of	united_kingdom.n.01
united_kingdom.n.01	_member_of_domain_region	fairy_light.n.01
fairy_light.n.01	_synset_domain_region_of	united_kingdom.n.01
fairy_light.n.01	_synset_domain_region_of	united_kingdom.n.01
united_kingdom.n.01	_member_of_domain_region	fairy_light.n.01
aquinas.n.01	_instance_hypernym	theologian.n.01
theologian.n.01	_instance_hyponym	aquinas.n.01
mountain_peak.n.01	_instance_hyponym	tirich_mir.n.01
tirich_mir.n.01	_instance_hypernym	mountain_peak.n.01
tirich_mir.n.01	_instance_hypernym	mountain_peak.n.01
mountain_peak.n.01	_instance_hyponym	tirich_mir.n.01
theologian.n.01	_instance_hyponym	aquinas.n.01
aquinas.n.01	_instance_hypernym	theologian.n.01
enhydra.n.01	_hypernym	mammal_genus.n.01
mammal_genus.n.01	_hyponym	enhydra.n.01
persuade.v.02	_hypernym	induce.v.02
induce.v.02	_hyponym	persuade.v.02
emptying.n.01	_hypernym	removal.n.01
removal.n.01	_hyponym	emptying.n.01
nonparametric_statistic.n.01	_hypernym	statistic.n.01
statistic.n.01	_hyponym	nonparametric_statistic.n.01
reindeer_moss.n.01	_hypernym	lichen.n.02
lichen.n.02	_hyponym	reindeer_moss.n.01
benign_tumor.n.01	_hypernym	tumor.n.01
tumor.n.01	_hyponym	benign_tumor.n.01
get.v.01	_hyponym	recover.v.01
recover.v.01	_hypernym	get.v.01
dog.n.01	_hypernym	canine.n.02
canine.n.02	_hyponym	dog.n.01
wheeled_vehicle.n.01	_hypernym	container.n.01
container.n.01	_hyponym	wheeled_vehicle.n.01
part.n.02	_hyponym	piece.n.01
piece.n.01	_hypernym	part.n.02
aircraft.n.01	_hypernym	craft.n.02
craft.n.02	_hyponym	aircraft.n.01
hadrosauridae.n.01	_hypernym	reptile_family.n.01
reptile_family.n.01	_hyponym	hadrosauridae.n.01
dicot_genus.n.01	_hyponym	polygonum.n.01
polygonum.n.01	_hypernym	dicot_genus.n.01
genus.n.02	_hyponym	worm_genus.n.01
worm_genus.n.01	_hypernym	genus.n.02
activity.n.01	_hyponym	worship.n.01
worship.n.01	_hypernym	activity.n.01
writhe.v.01	_hypernym	move.v.03
move.v.03	_hyponym	writhe.v.01
tree.n.01	_hyponym	bean_tree.n.01
bean_tree.n.01	_hypernym	tree.n.01
person_of_color.n.01	_hypernym	person.n.01
person.n.01	_hyponym	person_of_color.n.01
kin.n.02	_hyponym	genealogy.n.01
genealogy.n.01	_hypernym	kin.n.02
black.n.05	_hypernym	person.n.01
person.n.01	_hyponym	black.n.05
greek.n.01	_hypernym	indo-european.n.02
indo-european.n.02	_hyponym	greek.n.01
dicot_family.n.01	_hyponym	juglandaceae.n.01
juglandaceae.n.01	_hypernym	dicot_family.n.01
blood_vessel.n.01	_hyponym	artery.n.01
artery.n.01	_hypernym	blood_vessel.n.01
fungus.n.01	_hypernym	organism.n.01
organism.n.01	_hyponym	fungus.n.01
mydriasis.n.01	_hypernym	reflex.n.01
reflex.n.01	_hyponym	mydriasis.n.01
insect.n.01	_hyponym	odonate.n.01
odonate.n.01	_hypernym	insect.n.01
liquid.n.01	_hyponym	beverage.n.01
beverage.n.01	_hypernym	liquid.n.01
infectious_disease.n.01	_hyponym	tuberculosis.n.01
tuberculosis.n.01	_hypernym	infectious_disease.n.01
testify.v.02	_hypernym	inform.v.01
inform.v.01	_hyponym	testify.v.02
mouse-ear_chickweed.n.01	_hypernym	herb.n.01
herb.n.01	_hyponym	mouse-ear_chickweed.n.01
neck.n.05	_hyponym	neckline.n.01
neckline.n.01	_hypernym	neck.n.05
brown.n.01	_hyponym	yellowish_brown.n.01
yellowish_brown.n.01	_hypernym	brown.n.01
neural_structure.n.01	_hyponym	center.n.07
center.n.07	_hypernym	neural_structure.n.01
enthusiasm.n.01	_hyponym	gusto.n.01
gusto.n.01	_hypernym	enthusiasm.n.01
authority.n.03	_hypernym	expert.n.01
expert.n.01	_hyponym	authority.n.03
mutawa'een.n.01	_hypernym	police.n.01
police.n.01	_hyponym	mutawa'een.n.01
situation.n.02	_hypernym	condition.n.01
condition.n.01	_hyponym	situation.n.02
discipline.n.01	_hyponym	theology.n.01
theology.n.01	_hypernym	discipline.n.01
land.n.04	_hyponym	cape.n.01
cape.n.01	_hypernym	land.n.04
mimosoideae.n.01	_hypernym	rosid_dicot_family.n.01
rosid_dicot_family.n.01	_hyponym	mimosoideae.n.01
mediator.n.01	_hyponym	interpreter.n.01
interpreter.n.01	_hypernym	mediator.n.01
joining.n.01	_hyponym	fastening.n.02
fastening.n.02	_hypernym	joining.n.01
mollusk_family.n.01	_hyponym	aplysiidae.n.01
aplysiidae.n.01	_hypernym	mollusk_family.n.01
charadrii.n.01	_hypernym	animal_order.n.01
animal_order.n.01	_hyponym	charadrii.n.01
change.n.01	_hyponym	transformation.n.01
transformation.n.01	_hypernym	change.n.01
lord.n.03	_hyponym	peer.n.02
peer.n.02	_hypernym	lord.n.03
british_capacity_unit.n.01	_hyponym	barrel.n.05
barrel.n.05	_hypernym	british_capacity_unit.n.01
believer.n.02	_hypernym	religious_person.n.01
religious_person.n.01	_hyponym	believer.n.02
express.v.02	_hyponym	represent.v.05
represent.v.05	_hypernym	express.v.02
legume.n.01	_hyponym	pea.n.03
pea.n.03	_hypernym	legume.n.01
eye_disease.n.01	_hypernym	disease.n.01
disease.n.01	_hyponym	eye_disease.n.01
device.n.01	_hyponym	contraceptive.n.01
contraceptive.n.01	_hypernym	device.n.01
group_action.n.01	_hyponym	assembly.n.06
assembly.n.06	_hypernym	group_action.n.01
caprifoliaceae.n.01	_hypernym	asterid_dicot_family.n.01
asterid_dicot_family.n.01	_hyponym	caprifoliaceae.n.01
transformation.n.01	_hyponym	improvement.n.01
improvement.n.01	_hypernym	transformation.n.01
conductor.n.01	_hypernym	musician.n.02
musician.n.02	_hyponym	conductor.n.01
asterid_dicot_family.n.01	_hyponym	solanaceae.n.01
solanaceae.n.01	_hypernym	asterid_dicot_family.n.01
genus_gloriosa.n.01	_hypernym	liliid_monocot_genus.n.01
liliid_monocot_genus.n.01	_hyponym	genus_gloriosa.n.01
division.n.07	_hyponym	division_eubacteria.n.01
division_eubacteria.n.01	_hypernym	division.n.07
romance.n.03	_hypernym	latin.n.01
latin.n.01	_hyponym	romance.n.03
wick.n.02	_hypernym	cord.n.01
cord.n.01	_hyponym	wick.n.02
knife.n.01	_hypernym	edge_tool.n.01
edge_tool.n.01	_hyponym	knife.n.01
condition.n.01	_hyponym	impurity.n.02
impurity.n.02	_hypernym	condition.n.01
dinornithidae.n.01	_hypernym	bird_family.n.01
bird_family.n.01	_hyponym	dinornithidae.n.01
rhizopogonaceae.n.01	_hypernym	fungus_family.n.01
fungus_family.n.01	_hyponym	rhizopogonaceae.n.01
citrus.n.01	_hyponym	citrange.n.02
citrange.n.02	_hypernym	citrus.n.01
class.n.07	_hyponym	asteridae.n.01
asteridae.n.01	_hypernym	class.n.07
official.n.01	_hyponym	officeholder.n.01
officeholder.n.01	_hypernym	official.n.01
carbonate.n.01	_hypernym	salt.n.01
salt.n.01	_hyponym	carbonate.n.01
cercopithecus.n.01	_hypernym	mammal_genus.n.01
mammal_genus.n.01	_hyponym	cercopithecus.n.01
arthropod_genus.n.01	_hyponym	phthorimaea.n.01
phthorimaea.n.01	_hypernym	arthropod_genus.n.01
disorder.n.01	_hyponym	mental_disorder.n.01
mental_disorder.n.01	_hypernym	disorder.n.01
pepper.n.04	_hypernym	solanaceous_vegetable.n.01
solanaceous_vegetable.n.01	_hyponym	pepper.n.04
arthropod_family.n.01	_hyponym	simuliidae.n.01
simuliidae.n.01	_hypernym	arthropod_family.n.01
structure.n.04	_hyponym	passage.n.07
passage.n.07	_hypernym	structure.n.04
stage_dancing.n.01	_hypernym	dancing.n.01
dancing.n.01	_hyponym	stage_dancing.n.01
diversion.n.01	_hyponym	dancing.n.01
dancing.n.01	_hypernym	diversion.n.01
power_tool.n.01	_hypernym	machine.n.01
machine.n.01	_hyponym	power_tool.n.01
register.v.01	_hypernym	record.v.01
record.v.01	_hyponym	register.v.01
insect.n.01	_hyponym	trichopterous_insect.n.01
trichopterous_insect.n.01	_hypernym	insect.n.01
sandpiper.n.01	_hyponym	knot.n.07
knot.n.07	_hypernym	sandpiper.n.01
person.n.01	_hyponym	traveler.n.01
traveler.n.01	_hypernym	person.n.01
happening.n.01	_hyponym	change.n.01
change.n.01	_hypernym	happening.n.01
injury.n.01	_hyponym	brain_damage.n.01
brain_damage.n.01	_hypernym	injury.n.01
sanitary_condition.n.01	_hypernym	condition.n.01
condition.n.01	_hyponym	sanitary_condition.n.01
animal.n.01	_hyponym	embryo.n.02
embryo.n.02	_hypernym	animal.n.01
arthropod.n.01	_hyponym	garden_centipede.n.01
garden_centipede.n.01	_hypernym	arthropod.n.01
false_rue_anemone.n.01	_hypernym	herb.n.01
herb.n.01	_hyponym	false_rue_anemone.n.01
arthropod_family.n.01	_hyponym	lithodidae.n.01
lithodidae.n.01	_hypernym	arthropod_family.n.01
weapon_of_mass_destruction.n.01	_hyponym	nuclear_weapon.n.01
nuclear_weapon.n.01	_hypernym	weapon_of_mass_destruction.n.01
varnish.v.01	_hypernym	coat.v.01
coat.v.01	_hyponym	varnish.v.01
act.n.02	_hyponym	inactivity.n.03
inactivity.n.03	_hypernym	act.n.02
abolitionist.n.01	_hypernym	reformer.n.01
reformer.n.01	_hyponym	abolitionist.n.01
world_organization.n.01	_hyponym	european_union.n.01
european_union.n.01	_hypernym	world_organization.n.01
adult.n.01	_hyponym	important_person.n.01
important_person.n.01	_hypernym	adult.n.01
movement.n.11	_hypernym	change.n.03
change.n.03	_hyponym	movement.n.11
sign.v.05	_hypernym	communicate.v.02
communicate.v.02	_hyponym	sign.v.05
elimination.n.01	_hyponym	simplification.n.02
simplification.n.02	_hypernym	elimination.n.01
reptile_genus.n.01	_hyponym	aspidelaps.n.01
aspidelaps.n.01	_hypernym	reptile_genus.n.01
bone.n.01	_hyponym	scapula.n.01
scapula.n.01	_hypernym	bone.n.01
fruit_tree.n.01	_hyponym	plum.n.01
plum.n.01	_hypernym	fruit_tree.n.01
cause_to_be_perceived.v.01	_hyponym	sound.v.02
sound.v.02	_hypernym	cause_to_be_perceived.v.01
salmonid.n.01	_hyponym	salmon.n.01
salmon.n.01	_hypernym	salmonid.n.01
ophioglossales.n.01	_hypernym	plant_order.n.01
plant_order.n.01	_hyponym	ophioglossales.n.01
percoid_fish.n.01	_hypernym	spiny-finned_fish.n.01
spiny-finned_fish.n.01	_hyponym	percoid_fish.n.01
writing_implement.n.01	_hypernym	implement.n.01
implement.n.01	_hyponym	writing_implement.n.01
do-si-do.n.01	_hypernym	country-dance.n.01
country-dance.n.01	_hyponym	do-si-do.n.01
maguey.n.02	_hypernym	agave.n.01
agave.n.01	_hyponym	maguey.n.02
tetrachloride.n.01	_hypernym	compound.n.02
compound.n.02	_hyponym	tetrachloride.n.01
rosid_dicot_genus.n.01	_hyponym	francoa.n.01
francoa.n.01	_hypernym	rosid_dicot_genus.n.01
bindweed.n.01	_hypernym	vine.n.01
vine.n.01	_hyponym	bindweed.n.01
gasteromycetes.n.01	_hypernym	class.n.07
class.n.07	_hyponym	gasteromycetes.n.01
feeding.n.02	_hyponym	infant_feeding.n.01
infant_feeding.n.01	_hypernym	feeding.n.02
antifungal.n.01	_hyponym	thiabendazole.n.01
thiabendazole.n.01	_hypernym	antifungal.n.01
law.n.01	_hypernym	collection.n.01
collection.n.01	_hyponym	law.n.01
animal.n.01	_hyponym	larva.n.01
larva.n.01	_hypernym	animal.n.01
practicality.n.01	_hypernym	utility.n.02
utility.n.02	_hyponym	practicality.n.01
seminiferous_tubule.n.01	_hypernym	tubule.n.01
tubule.n.01	_hyponym	seminiferous_tubule.n.01
railway.n.01	_hyponym	elevated_railway.n.01
elevated_railway.n.01	_hypernym	railway.n.01
wading_bird.n.01	_hyponym	shorebird.n.01
shorebird.n.01	_hypernym	wading_bird.n.01
class.n.03	_hyponym	underworld.n.01
underworld.n.01	_hypernym	class.n.03
insect.n.01	_hyponym	beetle.n.01
beetle.n.01	_hypernym	insect.n.01
arales.n.01	_hypernym	plant_order.n.01
plant_order.n.01	_hyponym	arales.n.01
dexamethasone.n.01	_hypernym	corticosteroid.n.01
corticosteroid.n.01	_hyponym	dexamethasone.n.01
fish_family.n.01	_hyponym	soleidae.n.01
soleidae.n.01	_hypernym	fish_family.n.01
castanopsis.n.01	_hypernym	hamamelid_dicot_genus.n.01
hamamelid_dicot_genus.n.01	_hyponym	castanopsis.n.01
person.n.01	_hyponym	perceiver.n.01
perceiver.n.01	_hypernym	person.n.01
external_body_part.n.01	_hyponym	breast.n.01
breast.n.01	_hypernym	external_body_part.n.01
monocot_genus.n.01	_hyponym	zingiber.n.01
zingiber.n.01	_hypernym	monocot_genus.n.01
color_blindness.n.01	_hyponym	dichromacy.n.01
dichromacy.n.01	_hypernym	color_blindness.n.01
volume_unit.n.01	_hypernym	unit_of_measurement.n.01
unit_of_measurement.n.01	_hyponym	volume_unit.n.01
mill-girl.n.01	_hypernym	girl.n.01
girl.n.01	_hyponym	mill-girl.n.01
brunch.n.01	_hypernym	meal.n.01
meal.n.01	_hyponym	brunch.n.01
shrike.n.01	_hypernym	oscine.n.01
oscine.n.01	_hyponym	shrike.n.01
monster.n.01	_hyponym	mythical_monster.n.01
mythical_monster.n.01	_hypernym	monster.n.01
remark.n.01	_hypernym	statement.n.01
statement.n.01	_hyponym	remark.n.01
rule.n.03	_hyponym	principle.n.05
principle.n.05	_hypernym	rule.n.03
negociate.v.06	_hypernym	hash_out.v.01
hash_out.v.01	_hyponym	negociate.v.06
sculpture.n.01	_hyponym	relief.n.10
relief.n.10	_hypernym	sculpture.n.01
gambling.n.01	_hyponym	throw.n.05
throw.n.05	_hypernym	gambling.n.01
animal_order.n.01	_hyponym	anseriformes.n.01
anseriformes.n.01	_hypernym	animal_order.n.01
celery.n.01	_hypernym	herb.n.01
herb.n.01	_hyponym	celery.n.01
social_control.n.01	_hyponym	punishment.n.01
punishment.n.01	_hypernym	social_control.n.01
tetraneuris.n.01	_hypernym	asterid_dicot_genus.n.01
asterid_dicot_genus.n.01	_hyponym	tetraneuris.n.01
dicot_genus.n.01	_hyponym	halesia.n.01
halesia.n.01	_hypernym	dicot_genus.n.01
boom.v.05	_hypernym	grow.v.02
grow.v.02	_hyponym	boom.v.05
change_of_state.n.01	_hyponym	decoration.n.03
decoration.n.03	_hypernym	change_of_state.n.01
mollusk_genus.n.01	_hyponym	ensis.n.01
ensis.n.01	_hypernym	mollusk_genus.n.01
green.n.01	_hypernym	chromatic_color.n.01
chromatic_color.n.01	_hyponym	green.n.01
arthropod_family.n.01	_hyponym	pediculidae.n.01
pediculidae.n.01	_hypernym	arthropod_family.n.01
genus_rhodanthe.n.01	_hypernym	asterid_dicot_genus.n.01
asterid_dicot_genus.n.01	_hyponym	genus_rhodanthe.n.01
arachnida.n.01	_hypernym	class.n.07
class.n.07	_hyponym	arachnida.n.01
facility.n.01	_hyponym	depository.n.01
depository.n.01	_hypernym	facility.n.01
dicot_family.n.01	_hyponym	staphylaceae.n.01
staphylaceae.n.01	_hypernym	dicot_family.n.01
make.v.03	_hyponym	arouse.v.01
arouse.v.01	_hypernym	make.v.03
physical_condition.n.01	_hyponym	good_health.n.01
good_health.n.01	_hypernym	physical_condition.n.01
mammal_genus.n.01	_hyponym	aplodontia.n.01
aplodontia.n.01	_hypernym	mammal_genus.n.01
racer.n.04	_hypernym	colubrid_snake.n.01
colubrid_snake.n.01	_hyponym	racer.n.04
genus_cattleya.n.01	_hypernym	monocot_genus.n.01
monocot_genus.n.01	_hyponym	genus_cattleya.n.01
military_officer.n.01	_hyponym	commanding_officer.n.01
commanding_officer.n.01	_hypernym	military_officer.n.01
military_action.n.01	_hypernym	group_action.n.01
group_action.n.01	_hyponym	military_action.n.01
crime.n.01	_hyponym	misdemeanor.n.01
misdemeanor.n.01	_hypernym	crime.n.01
rosid_dicot_genus.n.01	_hyponym	desmodium.n.01
desmodium.n.01	_hypernym	rosid_dicot_genus.n.01
create_verbally.v.01	_hyponym	write.v.01
write.v.01	_hypernym	create_verbally.v.01
antirrhinum.n.01	_hypernym	asterid_dicot_genus.n.01
asterid_dicot_genus.n.01	_hyponym	antirrhinum.n.01
melanitta.n.01	_hypernym	bird_genus.n.01
bird_genus.n.01	_hyponym	melanitta.n.01
rosid_dicot_genus.n.01	_hyponym	polygala.n.01
polygala.n.01	_hypernym	rosid_dicot_genus.n.01
fern_ally.n.01	_hypernym	pteridophyte.n.01
pteridophyte.n.01	_hyponym	fern_ally.n.01
animal_order.n.01	_hyponym	monotremata.n.01
monotremata.n.01	_hypernym	animal_order.n.01
genus_filago.n.01	_hypernym	asterid_dicot_genus.n.01
asterid_dicot_genus.n.01	_hyponym	genus_filago.n.01
arthropod_genus.n.01	_hyponym	eumenes.n.01
eumenes.n.01	_hypernym	arthropod_genus.n.01
water_lily.n.01	_hypernym	aquatic_plant.n.01
aquatic_plant.n.01	_hyponym	water_lily.n.01
fruit_tree.n.01	_hyponym	citrus.n.02
citrus.n.02	_hypernym	fruit_tree.n.01
bone.n.01	_hyponym	cheekbone.n.01
cheekbone.n.01	_hypernym	bone.n.01
monocot_genus.n.01	_hyponym	scirpus.n.01
scirpus.n.01	_hypernym	monocot_genus.n.01
asian.n.01	_hyponym	tajik.n.01
tajik.n.01	_hypernym	asian.n.01
strangle.v.01	_hypernym	kill.v.01
kill.v.01	_hyponym	strangle.v.01
mammal_family.n.01	_hyponym	ursidae.n.01
ursidae.n.01	_hypernym	mammal_family.n.01
change.v.01	_hyponym	convert.v.02
convert.v.02	_hypernym	change.v.01
container.n.01	_hyponym	dish.n.01
dish.n.01	_hypernym	container.n.01
house.n.01	_hypernym	dwelling.n.01
dwelling.n.01	_hyponym	house.n.01
aquinas.n.01	_instance_hypernym	theologian.n.01
theologian.n.01	_instance_hyponym	aquinas.n.01
mountain_peak.n.01	_instance_hyponym	tirich_mir.n.01
tirich_mir.n.01	_instance_hypernym	mountain_peak.n.01
tirich_mir.n.01	_instance_hypernym	mountain_peak.n.01
mountain_peak.n.01	_instance_hyponym	tirich_mir.n.01
theologian.n.01	_instance_hyponym	aquinas.n.01
aquinas.n.01	_instance_hypernym	theologian.n.01
